fecha,indicativo,nombre,provincia,altitud,tmed,prec,tmin,horatmin,tmax,horatmax,dir,velmedia,racha,horaracha,sol,presMax,horaPresMax,presMin,horaPresMin,hrMedia,hrMax,horaHrMax,hrMin,horaHrMin
2015-07-01,C649I,GRAN CANARIA AEROPUERTO,LAS PALMAS,24,"23,0","0,0","20,4",05:57,"25,7",13:26,99,"12,2","18,1",Varias,"10,9","1015,0",Varias,"1011,2",04,64,78,Varias,55,12:15
2015-07-02,C649I,GRAN CANARIA AEROPUERTO,LAS PALMAS,24,"24,1","0,0","20,9",06:30,"27,3",14:44,01,"10,8","16,9",Varias,"7,4","1016,0",Varias,"1012,9",05,73,93,10:40,57,13:23
2015-07-03,C649I,GRAN CANARIA AEROPUERTO,LAS PALMAS,24,"23,6","0,0","21,1",06:29,"26,2",Varias,02,"12,2","18,6",12:10,"10,4","1016,4",Varias,"1013,2",05,65,78,00:00,55,13:33
2015-07-04,C649I,GRAN CANARIA AEROPUERTO,LAS PALMAS,24,"23,8","0,0","20,5",05:51,"27,0",13:30,99,"12,5","18,9",Varias,"11,8","1016,2",00,"1012,5",18,60,74,Varias,48,15:05
2015-07-05,C649I,GRAN CANARIA AEROPUERTO,LAS PALMAS,24,"24,4","0,0","20,9",Varias,"28,0",12:57,99,"13,9","21,1",Varias,"11,5","1013,0",00,"1008,2",19,60,75,Varias,46,12:29
2015-07-06,C649I,GRAN CANARIA AEROPUERTO,LAS PALMAS,24,"25,0","0,0","22,3",Varias,"27,6",14:51,99,"13,9","21,1",Varias,"10,9","1009,5",00,"1005,6",19,72,82,Varias,62,14:52
2015-07-07,C649I,GRAN CANARIA AEROPUERTO,LAS PALMAS,24,"28,4","0,0","22,7",06:50,"34,0",03:34,01,"11,7","18,9",05:40,"10,0","1010,0",Varias,"1006,1",03,71,86,06:52,20,03:33
2015-07-08,C649I,GRAN CANARIA AEROPUERTO,LAS PALMAS,24,,"0,0",,,,,99,"10,8","16,4",Varias,"10,7","1011,2",Varias,"1008,8",05,72,78,Varias,44,02:22
2015-07-09,C649I,GRAN CANARIA AEROPUERTO,LAS PALMAS,24,,"0,0",,,,,01,"10,3","16,4",16:00,"11,9","1013,8",Varias,"1009,8",04,38,81,01:48,16,17:00
2015-07-10,C649I,GRAN CANARIA AEROPUERTO,LAS PALMAS,24,"27,2","0,0","22,5",23:47,"32,0",14:51,01,"11,4","18,6",22:41,"11,5","1015,8",Varias,"1011,8",05,37,75,Varias,15,04:33
2015-07-11,C649I,GRAN CANARIA AEROPUERTO,LAS PALMAS,24,"24,6","0,0","21,4",03:56,"27,8",13:51,36,"14,7","22,8",17:32,"12,0","1015,3",00,"1012,4",18,64,80,01:04,52,12:38
2015-07-12,C649I,GRAN CANARIA AEROPUERTO,LAS PALMAS,24,"26,1","0,0","22,6",Varias,"29,6",15:08,35,"13,6","23,6",02:01,"11,3","1014,0",13,"1010,8",18,53,74,21:57,41,06:05
2015-07-13,C649I,GRAN CANARIA AEROPUERTO,LAS PALMAS,24,"24,8","0,0","21,7",05:08,"28,0",14:54,99,"13,9","20,6",Varias,"11,4","1012,5",00,"1009,7",04,68,79,Varias,40,01:09
2015-07-14,C649I,GRAN CANARIA AEROPUERTO,LAS PALMAS,24,"25,6","0,0","21,9",04:18,"29,3",15:00,02,"12,8","18,9",13:48,"11,0","1011,8",00,"1008,6",04,70,84,Varias,52,14:58
2015-07-15,C649I,GRAN CANARIA AEROPUERTO,LAS PALMAS,24,"27,8","0,0","22,3",23:50,"33,2",14:46,99,"10,6","16,9",Varias,"11,5","1010,9",00,"1007,7",18,38,82,Varias,21,06:39
2015-07-16,C649I,GRAN CANARIA AEROPUERTO,LAS PALMAS,24,"24,4","0,0","21,8",04:00,"27,0",12:30,99,"12,2","18,6",09:33,"12,3","1011,3",Varias,"1008,6",07,67,83,00:40,62,12:24
2015-07-17,C649I,GRAN CANARIA AEROPUERTO,LAS PALMAS,24,,"0,0",,,,,03,"11,7","16,9",14:10,"12,4","1014,6",Varias,"1010,3",06,,81,Varias,61,10:30
2015-07-18,C649I,GRAN CANARIA AEROPUERTO,LAS PALMAS,24,"24,6","0,0","21,4",04:39,"27,7",Varias,01,"12,2","18,9",16:55,"12,2","1015,2",Varias,"1013,2",04,67,80,Varias,56,11:38
2015-07-19,C649I,GRAN CANARIA AEROPUERTO,LAS PALMAS,24,"25,7","0,0","22,0",04:27,"29,4",13:19,99,"13,1","20,0",Varias,"12,0","1014,9",00,"1010,9",18,60,75,Varias,46,13:19
2015-07-20,C649I,GRAN CANARIA AEROPUERTO,LAS PALMAS,24,"26,3","0,0","22,8",03:12,"29,8",13:33,01,"15,3","22,8",13:35,"11,3","1011,9",00,"1007,8",16,60,76,Varias,50,13:51
2015-07-21,C649I,GRAN CANARIA AEROPUERTO,LAS PALMAS,24,"25,8","0,0","22,6",05:12,"29,0",13:33,35,"13,9","21,1",10:21,"10,4","1009,5",Varias,"1007,0",05,67,79,Varias,55,13:34
2015-07-22,C649I,GRAN CANARIA AEROPUERTO,LAS PALMAS,24,"26,2","0,0","23,1",04:47,"29,4",15:27,01,"13,6","20,6",14:29,"9,8","1010,5",Varias,"1008,0",04,67,81,Varias,58,15:28
2015-07-23,C649I,GRAN CANARIA AEROPUERTO,LAS PALMAS,24,"27,2","0,0","22,9",03:03,"31,5",14:25,01,"13,9","20,6",10:10,"11,6","1011,9",Varias,"1009,1",05,60,84,01:13,27,18:48
2015-07-24,C649I,GRAN CANARIA AEROPUERTO,LAS PALMAS,24,"27,2","0,0","23,5",23:48,"30,8",10:51,36,"11,9","18,9",16:29,"12,3","1012,9",Varias,"1010,1",04,40,74,Varias,26,04:47
2015-07-25,C649I,GRAN CANARIA AEROPUERTO,LAS PALMAS,24,"25,8","0,0","22,7",02:39,"28,9",15:01,02,"12,5","20,0",14:53,"10,0","1013,1",Varias,"1010,7",03,63,83,Varias,54,15:02
2015-07-26,C649I,GRAN CANARIA AEROPUERTO,LAS PALMAS,24,"25,1","0,0","22,4",23:44,"27,8",15:58,02,"12,8","19,7",Varias,"11,8","1013,1",Varias,"1010,9",16,61,80,00:00,52,15:55
2015-07-27,C649I,GRAN CANARIA AEROPUERTO,LAS PALMAS,24,"24,9","0,0","21,7",04:37,"28,1",14:37,01,"11,7","20,0",10:36,"12,4","1012,5",00,"1010,1",18,62,74,Varias,51,14:28
2015-07-28,C649I,GRAN CANARIA AEROPUERTO,LAS PALMAS,24,"25,2","0,0","22,6",04:15,"27,8",14:34,99,"12,8","18,9",Varias,"11,4","1012,0",Varias,"1008,8",03,64,76,Varias,55,Varias
2015-07-29,C649I,GRAN CANARIA AEROPUERTO,LAS PALMAS,24,"25,4","0,0","22,6",07:00,"28,2",13:18,01,"13,6","20,6",15:56,"9,8","1012,5",Varias,"1010,4",03,68,79,Varias,60,13:08
2015-07-30,C649I,GRAN CANARIA AEROPUERTO,LAS PALMAS,24,"26,0","0,0","23,0",Varias,"29,1",14:07,99,"11,9","20,6",Varias,"11,7","1012,1",00,"1008,8",18,60,74,Varias,48,14:08
2015-07-31,C649I,GRAN CANARIA AEROPUERTO,LAS PALMAS,24,"26,4","0,0","22,9",02:44,"29,8",14:56,02,"10,3","18,6",13:36,"12,1","1010,9",00,"1008,6",18,57,80,23:59,39,15:38
2015-08-01,C649I,GRAN CANARIA AEROPUERTO,LAS PALMAS,24,,"0,0",,,,,02,"9,4","14,4",09:01,"8,0","1011,3",Varias,"1009,0",05,66,84,00:10,49,17:20
2015-08-02,C649I,GRAN CANARIA AEROPUERTO,LAS PALMAS,24,"24,0","0,0","20,3",06:10,"27,7",14:10,99,"7,2","12,8",Varias,"9,6","1013,5",Varias,"1009,5",05,60,76,Varias,52,09:01
2015-08-03,C649I,GRAN CANARIA AEROPUERTO,LAS PALMAS,24,,"0,0",,,,,99,"9,2","15,3",17:08,"10,7","1014,5",Varias,"1012,0",04,56,71,Varias,46,15:15
2015-08-04,C649I,GRAN CANARIA AEROPUERTO,LAS PALMAS,24,"25,4","0,0","22,5",Varias,"28,3",Varias,01,"11,7","17,5",14:29,"10,2","1014,2",00,"1010,1",18,61,74,Varias,49,13:49
2015-08-05,C649I,GRAN CANARIA AEROPUERTO,LAS PALMAS,24,"25,9","0,0","23,3",Varias,"28,5",12:48,02,"12,8","19,7",15:41,,"1010,5",00,"1007,4",18,65,74,Varias,55,11:00
2015-08-06,C649I,GRAN CANARIA AEROPUERTO,LAS PALMAS,24,"25,6","0,0","22,6",05:08,"28,7",14:30,01,"12,8","19,7",Varias,"8,8","1009,4",Varias,"1006,5",19,66,78,Varias,54,14:37
2015-08-07,C649I,GRAN CANARIA AEROPUERTO,LAS PALMAS,24,"26,2","0,0","23,4",05:30,"28,9",17:17,99,"11,1","16,4",Varias,"8,0","1008,9",00,"1005,7",04,73,82,Varias,59,17:18
2015-08-08,C649I,GRAN CANARIA AEROPUERTO,LAS PALMAS,24,"26,2","0,2","24,0",02:12,"28,3",Varias,35,"9,4","18,6",15:06,"7,8","1010,4",Varias,"1006,8",08,66,85,Varias,54,07:50
2015-08-09,C649I,GRAN CANARIA AEROPUERTO,LAS PALMAS,24,"25,4","0,4","23,0",04:30,"27,7",13:29,35,"8,3","16,1",Varias,"6,5","1011,1",Varias,"1007,7",03,77,88,Varias,58,00:50
2015-08-10,C649I,GRAN CANARIA AEROPUERTO,LAS PALMAS,24,"28,3","1,1","25,3",09:50,"31,3",16:50,02,"8,6","16,4",12:52,"2,8","1011,8",Varias,"1008,4",05,60,84,09:34,37,22:27
2015-08-11,C649I,GRAN CANARIA AEROPUERTO,LAS PALMAS,24,,"0,0",,,,,99,"10,0","15,0",Varias,"11,0","1010,9",00,"1008,0",03,,61,Varias,16,14:48
2015-08-12,C649I,GRAN CANARIA AEROPUERTO,LAS PALMAS,24,,"2,1",,,,,36,"11,1","18,9",17:34,"8,5","1012,5",Varias,"1008,6",03,46,86,20:40,28,12:41
2015-08-13,C649I,GRAN CANARIA AEROPUERTO,LAS PALMAS,24,"28,5","0,8","24,5",01:00,"32,5",15:10,01,"5,0","19,7",00:02,"1,2","1016,1",Varias,"1011,3",00,57,80,00:05,46,10:01
2015-08-14,C649I,GRAN CANARIA AEROPUERTO,LAS PALMAS,24,"26,5","0,0","23,4",23:00,"29,6",10:00,01,"10,6","16,9",18:41,"4,2","1015,4",00,"1013,3",17,72,79,Varias,48,09:50
2015-08-15,C649I,GRAN CANARIA AEROPUERTO,LAS PALMAS,24,"25,2","0,0","22,7",Varias,"27,8",13:50,02,"12,5","19,7",15:33,"10,1","1014,9",00,"1012,2",16,65,77,Varias,53,12:29
2015-08-16,C649I,GRAN CANARIA AEROPUERTO,LAS PALMAS,24,"25,5","0,0","22,7",04:00,"28,3",13:20,03,"10,0","17,5",13:28,"10,7","1014,3",Varias,"1012,0",18,62,78,14:34,49,12:21
2015-08-17,C649I,GRAN CANARIA AEROPUERTO,LAS PALMAS,24,"25,8",Ip,"22,2",05:50,"29,3",15:30,02,"9,4","16,1",11:27,"10,7","1013,7",00,"1010,8",18,61,80,Varias,45,15:23
2015-08-18,C649I,GRAN CANARIA AEROPUERTO,LAS PALMAS,24,"25,5","0,0","22,8",04:10,"28,2",16:50,01,"8,1","13,9",Varias,"10,3","1012,8",Varias,"1010,2",05,63,85,Varias,51,17:23
2015-08-19,C649I,GRAN CANARIA AEROPUERTO,LAS PALMAS,24,"25,0","0,0","22,7",06:22,"27,4",13:47,02,"8,6","14,4",13:42,"9,9","1013,4",Varias,"1010,7",04,66,76,01:06,57,15:28
2015-08-20,C649I,GRAN CANARIA AEROPUERTO,LAS PALMAS,24,"24,7","0,0","22,6",06:00,"26,8",12:30,01,"8,9","16,9",17:30,"4,3","1015,6",Varias,"1012,0",04,68,75,Varias,58,11:41
2015-08-21,C649I,GRAN CANARIA AEROPUERTO,LAS PALMAS,24,"25,6","0,0","22,8",Varias,"28,3",14:10,01,"11,9","18,9",19:13,"7,4","1016,5",Varias,"1013,0",16,69,77,Varias,56,15:06
2015-08-22,C649I,GRAN CANARIA AEROPUERTO,LAS PALMAS,24,"25,8","0,0","22,9",03:10,"28,6",12:20,01,"11,4","18,6",09:29,"11,3","1015,3",00,"1012,7",18,61,74,Varias,48,10:55
2015-08-23,C649I,GRAN CANARIA AEROPUERTO,LAS PALMAS,24,"25,4","0,0","22,7",03:50,"28,1",13:40,36,"11,1","18,1",08:48,"10,8","1014,4",Varias,"1011,6",05,61,76,Varias,48,13:26
2015-08-24,C649I,GRAN CANARIA AEROPUERTO,LAS PALMAS,24,"25,6","0,0","22,9",06:00,"28,3",14:40,01,"11,4","18,1",14:41,"11,6","1014,5",22,"1012,0",04,62,79,Varias,49,14:35
2015-08-25,C649I,GRAN CANARIA AEROPUERTO,LAS PALMAS,24,"25,4","0,0","22,9",02:40,"28,0",12:30,03,"10,8","16,4",13:53,"10,6","1014,8",Varias,"1012,5",03,67,77,Varias,55,12:19
2015-08-26,C649I,GRAN CANARIA AEROPUERTO,LAS PALMAS,24,"25,6","0,0","23,0",05:50,"28,2",12:30,99,"11,1","16,9",Varias,"9,4","1014,3",Varias,"1011,6",16,62,77,02:29,51,14:43
2015-08-27,C649I,GRAN CANARIA AEROPUERTO,LAS PALMAS,24,"25,6","0,0","22,8",07:00,"28,5",14:00,02,"10,0","16,9",Varias,"11,7","1013,9",00,"1011,2",18,61,77,Varias,49,14:27
2015-08-28,C649I,GRAN CANARIA AEROPUERTO,LAS PALMAS,24,"25,6","0,0","22,6",05:00,"28,7",15:40,99,"10,6","16,4",Varias,"11,8","1012,5",00,"1008,7",18,63,78,Varias,51,15:35
2015-08-29,C649I,GRAN CANARIA AEROPUERTO,LAS PALMAS,24,"25,2","0,0","22,8",05:00,"27,7",12:50,99,"9,7","15,0",Varias,"11,2","1011,0",Varias,"1008,0",17,68,77,07:01,57,10:01
2015-08-30,C649I,GRAN CANARIA AEROPUERTO,LAS PALMAS,24,"25,2","0,0","22,5",05:43,"27,8",12:06,02,"7,8","14,4",16:39,"11,4","1013,2",Varias,"1009,0",04,72,80,Varias,62,12:07
2015-08-31,C649I,GRAN CANARIA AEROPUERTO,LAS PALMAS,24,"26,4","0,0","23,2",04:00,"29,5",14:30,99,"8,6","13,3",Varias,"9,3","1015,2",Varias,"1011,3",05,70,86,Varias,54,14:21
2015-09-01,C649I,GRAN CANARIA AEROPUERTO,LAS PALMAS,24,"26,5","0,0","23,7",23:59,"29,3",13:50,99,"9,4","15,0",Varias,"11,6","1015,3",Varias,"1012,8",17,69,83,Varias,54,13:16
2015-09-02,C649I,GRAN CANARIA AEROPUERTO,LAS PALMAS,24,"25,6","0,0","22,9",06:10,"28,3",12:50,99,"10,6","16,4",Varias,"11,8","1014,7",Varias,"1012,1",18,60,77,00:00,47,11:01
2015-09-03,C649I,GRAN CANARIA AEROPUERTO,LAS PALMAS,24,"25,2","0,0","22,7",04:00,"27,6",13:50,01,"8,3","15,3",Varias,"11,0","1014,6",Varias,"1012,7",05,66,77,Varias,58,16:59
2015-09-04,C649I,GRAN CANARIA AEROPUERTO,LAS PALMAS,24,"25,2","0,0","23,0",Varias,"27,4",13:50,02,"10,6","16,4",16:35,"10,5","1014,6",Varias,"1011,6",18,64,74,Varias,49,13:38
2015-09-05,C649I,GRAN CANARIA AEROPUERTO,LAS PALMAS,24,"25,2","0,0","22,5",07:10,"27,8",13:00,99,"9,2","15,0",Varias,"11,3","1014,1",Varias,"1011,6",16,67,75,Varias,57,12:49
2015-09-06,C649I,GRAN CANARIA AEROPUERTO,LAS PALMAS,24,"26,0","0,0","23,4",06:50,"28,7",11:50,03,"5,8","11,4",16:26,"11,9","1014,4",Varias,"1012,2",16,71,83,23:59,60,11:38
2015-09-07,C649I,GRAN CANARIA AEROPUERTO,LAS PALMAS,24,"25,8","0,0","23,5",07:00,"28,2",14:50,99,"5,8","9,7",Varias,"11,3","1014,6",Varias,"1012,6",04,76,89,Varias,61,22:58
2015-09-08,C649I,GRAN CANARIA AEROPUERTO,LAS PALMAS,24,"25,4","0,0","23,2",07:30,"27,6",14:00,99,"5,6","11,7",Varias,"10,8","1014,9",Varias,"1011,7",19,68,82,00:55,58,13:30
2015-09-09,C649I,GRAN CANARIA AEROPUERTO,LAS PALMAS,24,"25,4","0,0","23,1",06:40,"27,8",13:50,02,"8,1","16,4",17:12,"8,9","1013,0",Varias,"1010,2",17,70,79,Varias,62,00:00
2015-09-10,C649I,GRAN CANARIA AEROPUERTO,LAS PALMAS,24,"25,0","0,0","22,4",03:50,"27,7",13:40,99,"9,7","16,4",Varias,"10,7","1012,5",Varias,"1010,5",06,60,72,00:46,53,11:27
2015-09-11,C649I,GRAN CANARIA AEROPUERTO,LAS PALMAS,24,"26,5","0,0","23,4",03:00,"29,6",14:20,02,"9,7","15,0",Varias,"10,1","1012,0",Varias,"1009,8",18,67,80,Varias,59,17:23
2015-09-12,C649I,GRAN CANARIA AEROPUERTO,LAS PALMAS,24,"25,3","0,0","22,7",06:40,"27,9",12:00,02,"6,1","11,4",18:17,"11,7","1012,9",Varias,"1010,0",05,74,87,Varias,62,11:55
2015-09-13,C649I,GRAN CANARIA AEROPUERTO,LAS PALMAS,24,"24,8","0,0","22,1",03:30,"27,5",13:50,03,"4,2","9,7",15:54,"10,7","1014,9",Varias,"1010,9",05,73,84,Varias,62,12:24
2015-09-14,C649I,GRAN CANARIA AEROPUERTO,LAS PALMAS,24,"25,0","0,0","22,5",06:00,"27,5",12:30,02,"5,0","10,3",Varias,"7,8","1015,3",Varias,"1012,6",05,73,82,00:30,62,11:13
2015-09-15,C649I,GRAN CANARIA AEROPUERTO,LAS PALMAS,24,"25,6","0,0","22,7",11:00,"28,4",15:00,99,"8,1","14,4",Varias,"9,4","1013,9",00,"1010,8",16,69,81,Varias,57,14:38
2015-09-16,C649I,GRAN CANARIA AEROPUERTO,LAS PALMAS,24,"25,8","0,0","22,5",03:50,"29,2",13:30,01,"6,9","12,5",12:20,"3,9","1011,8",00,"1009,3",17,62,79,Varias,44,13:29
2015-09-17,C649I,GRAN CANARIA AEROPUERTO,LAS PALMAS,24,"26,0","0,0","23,8",03:50,"28,3",11:30,01,"3,6","11,7",15:57,"2,4","1011,5",Varias,"1009,4",16,66,78,Varias,54,11:38
2015-09-18,C649I,GRAN CANARIA AEROPUERTO,LAS PALMAS,24,"23,2","7,6","21,3",20:30,"25,2",00:40,02,"4,2","10,8",19:22,"0,2","1013,0",Varias,"1009,0",03,83,95,Varias,66,00:09
2015-09-19,C649I,GRAN CANARIA AEROPUERTO,LAS PALMAS,24,"23,7","0,0","21,0",07:20,"26,4",11:00,03,"5,8","11,7",10:51,"5,6","1013,7",Varias,"1011,4",04,69,83,00:05,54,10:43
2015-09-20,C649I,GRAN CANARIA AEROPUERTO,LAS PALMAS,24,"24,2","0,0","21,5",04:50,"26,9",12:40,02,"8,3","13,3",16:54,"10,9","1013,3",Varias,"1009,6",17,68,76,07:10,54,12:17
2015-09-21,C649I,GRAN CANARIA AEROPUERTO,LAS PALMAS,24,"25,2","0,3","23,1",02:40,"27,3",11:10,02,"6,7","11,4",11:19,"5,3","1011,2",00,"1008,6",04,79,91,Varias,68,23:55
2015-09-22,C649I,GRAN CANARIA AEROPUERTO,LAS PALMAS,24,"26,8","0,3","24,4",23:59,"29,3",15:50,13,"3,1","9,2",02:56,"2,9","1011,5",Varias,"1008,4",16,59,77,Varias,51,06:21
2015-09-23,C649I,GRAN CANARIA AEROPUERTO,LAS PALMAS,24,"26,2","0,0","22,9",04:20,"29,4",11:00,16,"2,8","7,8",12:43,"10,8","1011,9",Varias,"1008,9",04,70,88,22:29,48,09:43
2015-09-24,C649I,GRAN CANARIA AEROPUERTO,LAS PALMAS,24,"25,9","0,0","24,6",00:40,"27,2",15:40,02,"1,9","8,3",22:34,"2,4","1013,2",Varias,"1010,3",02,81,90,Varias,67,01:43
2015-09-25,C649I,GRAN CANARIA AEROPUERTO,LAS PALMAS,24,"25,6","0,0","24,2",07:00,"27,0",15:00,03,"2,8","8,9",23:52,"1,0","1013,3",Varias,"1009,9",04,81,91,00:36,66,15:18
2015-09-26,C649I,GRAN CANARIA AEROPUERTO,LAS PALMAS,24,"25,0","0,0","23,1",06:00,"27,0",14:40,99,"6,7","11,4",Varias,"2,5","1012,5",Varias,"1010,1",17,74,85,Varias,62,14:37
2015-09-27,C649I,GRAN CANARIA AEROPUERTO,LAS PALMAS,24,"25,3","0,0","22,9",04:00,"27,7",13:40,02,"8,6","13,3",15:38,"8,1","1011,9",Varias,"1009,4",05,66,83,Varias,58,15:07
2015-09-28,C649I,GRAN CANARIA AEROPUERTO,LAS PALMAS,24,"24,8","0,0","22,1",05:40,"27,4",13:00,99,"6,1","10,8",Varias,"9,9","1011,0",Varias,"1008,4",17,66,74,Varias,55,14:07
2015-09-29,C649I,GRAN CANARIA AEROPUERTO,LAS PALMAS,24,"23,4","0,0","20,1",05:10,"26,7",10:50,99,"2,5","6,1",Varias,"4,3","1010,8",Varias,"1008,0",04,65,76,22:54,55,11:05
2015-09-30,C649I,GRAN CANARIA AEROPUERTO,LAS PALMAS,24,"23,6","0,0","20,5",05:00,"26,7",13:00,99,"3,1","7,8",Varias,"10,6","1013,6",Varias,"1009,8",04,68,79,Varias,59,12:53
2015-10-01,C649I,GRAN CANARIA AEROPUERTO,LAS PALMAS,24,"24,5","0,0","21,8",01:20,"27,2",14:40,08,"2,2","7,2",14:36,"9,7","1014,7",Varias,"1012,2",04,73,83,07:18,57,14:29
2015-10-02,C649I,GRAN CANARIA AEROPUERTO,LAS PALMAS,24,"24,6","0,0","22,2",05:50,"27,1",14:10,11,"2,5","8,9",10:26,"10,7","1014,4",Varias,"1011,1",16,76,86,Varias,68,04:58
2015-10-03,C649I,GRAN CANARIA AEROPUERTO,LAS PALMAS,24,"26,0","0,0","23,6",Varias,"28,4",16:50,17,"1,9","6,1",12:36,"9,0","1013,2",00,"1010,3",17,70,91,06:03,51,18:21
2015-10-04,C649I,GRAN CANARIA AEROPUERTO,LAS PALMAS,24,"28,8","0,0","25,6",05:00,"31,9",15:00,99,"3,3","11,4",Varias,"3,4","1015,8",Varias,"1010,9",03,50,81,Varias,33,15:19
2015-10-05,C649I,GRAN CANARIA AEROPUERTO,LAS PALMAS,24,"29,6","0,0","25,5",23:59,"33,8",13:40,01,"6,4","13,9",Varias,"8,6","1016,1",Varias,"1013,9",14,56,78,Varias,35,10:52
2015-10-06,C649I,GRAN CANARIA AEROPUERTO,LAS PALMAS,24,"26,0","0,0","24,1",07:00,"27,9",14:00,01,"9,2","13,9",Varias,"10,2","1015,8",Varias,"1013,3",15,71,82,Varias,60,19:03
2015-10-07,C649I,GRAN CANARIA AEROPUERTO,LAS PALMAS,24,"25,4","0,0","23,4",07:10,"27,5",11:00,99,"7,8","11,7",Varias,"5,7","1014,8",Varias,"1012,3",17,73,81,Varias,63,11:36
2015-10-08,C649I,GRAN CANARIA AEROPUERTO,LAS PALMAS,24,"24,4","0,0","21,6",05:00,"27,2",14:10,99,"7,8","13,9",Varias,"9,3","1013,9",Varias,"1010,7",17,60,71,Varias,50,09:33
2015-10-09,C649I,GRAN CANARIA AEROPUERTO,LAS PALMAS,24,"24,1","0,0","20,9",07:10,"27,3",11:20,04,"2,8","11,4",11:45,"8,9","1012,1",00,"1009,3",16,65,75,Varias,54,09:42
2015-10-10,C649I,GRAN CANARIA AEROPUERTO,LAS PALMAS,24,"25,8","0,0","21,7",07:20,"29,8",13:10,99,"2,2","7,2",Varias,"8,4","1010,1",00,"1007,5",16,71,89,Varias,49,12:10
2015-10-11,C649I,GRAN CANARIA AEROPUERTO,LAS PALMAS,24,"25,4","0,0","22,7",05:10,"28,2",12:00,03,"5,3","10,8",Varias,"2,0","1009,5",Varias,"1007,2",17,74,89,Varias,59,15:37
2015-10-12,C649I,GRAN CANARIA AEROPUERTO,LAS PALMAS,24,"24,6","0,0","22,0",08:10,"27,3",10:40,33,"5,3","11,4",20:59,"2,0","1011,8",Varias,"1008,2",04,66,85,Varias,57,10:35
2015-10-13,C649I,GRAN CANARIA AEROPUERTO,LAS PALMAS,24,"24,8","0,0","22,6",03:00,"26,9",12:50,03,"5,0","9,2",Varias,"4,9","1012,4",Varias,"1009,8",04,66,72,Varias,57,11:39
2015-10-14,C649I,GRAN CANARIA AEROPUERTO,LAS PALMAS,24,"23,1","0,0","20,2",23:59,"26,0",11:50,99,"2,2","6,7",Varias,"1,1","1011,8",00,"1008,9",18,61,69,Varias,53,12:01
2015-10-15,C649I,GRAN CANARIA AEROPUERTO,LAS PALMAS,24,"23,6","10,4","20,2",00:10,"27,0",12:30,99,"7,5","12,5",Varias,"5,9","1009,1",00,"1005,3",18,66,84,Varias,56,07:56
2015-10-16,C649I,GRAN CANARIA AEROPUERTO,LAS PALMAS,24,"25,2","8,1","21,8",06:50,"28,7",14:40,21,"6,1","20,0",14:44,"4,5","1006,0",00,"1001,5",15,83,96,Varias,48,14:44
2015-10-17,C649I,GRAN CANARIA AEROPUERTO,LAS PALMAS,24,"25,3","0,0","21,5",07:00,"29,1",12:00,19,"5,0","12,5",Varias,"6,6","1008,6",Varias,"1004,6",04,70,83,00:00,50,11:53
2015-10-18,C649I,GRAN CANARIA AEROPUERTO,LAS PALMAS,24,"25,4","0,0","20,8",06:50,"30,0",13:40,26,"2,2","14,4",13:34,"9,6","1009,1",Varias,"1005,9",17,65,82,Varias,40,17:04
2015-10-19,C649I,GRAN CANARIA AEROPUERTO,LAS PALMAS,24,"23,8","0,5","21,3",07:00,"26,2",11:00,99,"2,5","12,5",Varias,"1,9","1010,9",Varias,"1008,0",03,68,78,Varias,56,12:23
2015-10-20,C649I,GRAN CANARIA AEROPUERTO,LAS PALMAS,24,"22,6","60,5","19,6",13:00,"25,5",09:50,34,"2,5","10,8",00:30,"3,0","1009,8",00,"1007,2",18,87,98,Varias,55,06:13
2015-10-21,C649I,GRAN CANARIA AEROPUERTO,LAS PALMAS,24,"23,0","0,3","19,0",04:50,"26,9",14:30,19,"5,8","12,5",Varias,"9,7","1008,6",Varias,"1005,6",15,71,84,Varias,54,15:16
2015-10-22,C649I,GRAN CANARIA AEROPUERTO,LAS PALMAS,24,"23,6","0,0","20,2",01:40,"27,1",13:40,99,"5,3","9,7",Varias,"10,5","1011,1",Varias,"1007,3",05,68,86,05:44,41,16:52
2015-10-23,C649I,GRAN CANARIA AEROPUERTO,LAS PALMAS,24,,"1,9",,,,,,"4,7",,,"1,1","1011,1",Varias,"1008,5",15,86,90,07:38,74,11:54
2015-10-24,C649I,GRAN CANARIA AEROPUERTO,LAS PALMAS,24,"23,6","4,2","21,0",19:00,"26,2",12:30,30,"1,9","9,7",18:43,"4,1","1011,8",Varias,"1008,7",04,79,90,18:58,60,16:10
2015-10-25,C649I,GRAN CANARIA AEROPUERTO,LAS PALMAS,24,"23,1","7,5","20,7",Varias,"25,5",11:00,99,"5,3","9,7",14:18,"5,6","1013,4",Varias,"1009,9",05,79,93,14:23,68,11:44
2015-10-26,C649I,GRAN CANARIA AEROPUERTO,LAS PALMAS,24,"22,6","0,0","19,8",06:40,"25,3",13:50,05,"4,2","9,7",12:18,"6,1","1014,4",Varias,"1011,9",15,74,87,05:04,64,13:21
2015-10-27,C649I,GRAN CANARIA AEROPUERTO,LAS PALMAS,24,"22,4","0,0","19,4",06:00,"25,3",13:00,99,"2,8","8,9",Varias,"6,2","1014,8",Varias,"1012,8",04,72,93,12:00,65,10:13
2015-10-28,C649I,GRAN CANARIA AEROPUERTO,LAS PALMAS,24,"22,6",Ip,"19,9",05:20,"25,3",14:00,99,"4,2","10,3",18:07,"5,5","1015,5",Varias,"1013,1",04,81,90,00:04,70,14:14
2015-10-29,C649I,GRAN CANARIA AEROPUERTO,LAS PALMAS,24,"22,2","0,0","20,2",06:00,"24,3",11:10,07,"3,1","9,2",12:49,"1,5","1015,1",00,"1012,3",15,74,85,Varias,66,14:58
2015-10-30,C649I,GRAN CANARIA AEROPUERTO,LAS PALMAS,24,"21,7","0,2","18,6",06:30,"24,8",12:00,99,"1,9","6,1",Varias,"5,0","1013,9",Varias,"1011,1",05,74,84,Varias,65,09:35
2015-10-31,C649I,GRAN CANARIA AEROPUERTO,LAS PALMAS,24,"19,6","20,1","17,6",20:30,"21,7",08:10,35,"6,4","16,4",15:38,"2,2","1015,1",Varias,"1012,2",05,91,100,Varias,76,23:41
2015-11-01,C649I,GRAN CANARIA AEROPUERTO,LAS PALMAS,24,"20,4","0,3","17,9",04:00,"22,8",12:00,33,"6,7","12,8",07:10,"3,8","1015,0",Varias,"1012,7",17,67,98,08:39,55,11:32
2015-11-02,C649I,GRAN CANARIA AEROPUERTO,LAS PALMAS,24,"20,6","0,0","16,5",07:00,"24,7",13:20,14,"2,5","8,9",15:26,"8,1","1015,8",Varias,"1012,4",03,63,76,21:06,48,10:58
2015-11-03,C649I,GRAN CANARIA AEROPUERTO,LAS PALMAS,24,"21,4","0,0","18,1",05:40,"24,6",14:20,99,"3,3","6,7",Varias,"9,3","1017,9",Varias,"1014,7",04,72,81,Varias,62,11:36
2015-11-04,C649I,GRAN CANARIA AEROPUERTO,LAS PALMAS,24,"22,0","0,0","19,1",06:20,"24,9",13:50,02,"5,0","11,4",Varias,"9,4","1018,2",Varias,"1015,3",17,77,94,08:17,64,11:51
2015-11-05,C649I,GRAN CANARIA AEROPUERTO,LAS PALMAS,24,"22,4","0,0","19,8",06:50,"24,9",13:50,99,"6,4","10,8",Varias,"9,7","1017,5",Varias,"1014,8",15,78,88,07:09,67,11:36
2015-11-06,C649I,GRAN CANARIA AEROPUERTO,LAS PALMAS,24,"23,2","0,0","20,4",04:50,"25,9",13:10,03,"6,9","11,7",14:27,"7,5","1017,2",Varias,"1014,6",15,77,96,06:16,62,12:16
2015-11-07,C649I,GRAN CANARIA AEROPUERTO,LAS PALMAS,24,"23,2","0,0","20,9",22:30,"25,4",13:00,99,"6,1","11,4",Varias,"7,8","1016,1",00,"1013,1",16,78,87,18:53,67,12:55
2015-11-08,C649I,GRAN CANARIA AEROPUERTO,LAS PALMAS,24,"22,8","0,0","20,3",04:20,"25,4",13:50,99,"7,5","12,8",Varias,"10,1","1019,0",Varias,"1013,8",05,75,85,23:01,66,12:36
2015-11-09,C649I,GRAN CANARIA AEROPUERTO,LAS PALMAS,24,"24,7","0,0","21,7",04:50,"27,7",12:40,99,"1,1","7,2",Varias,"8,0","1022,0",Varias,"1018,9",01,58,75,00:00,35,20:01
2015-11-10,C649I,GRAN CANARIA AEROPUERTO,LAS PALMAS,24,"24,4","0,0","21,6",02:00,"27,2",12:10,99,"3,6","8,9",Varias,"9,0","1021,3",Varias,"1017,4",18,53,83,21:06,44,14:58
2015-11-11,C649I,GRAN CANARIA AEROPUERTO,LAS PALMAS,24,"24,3","0,0","21,4",07:40,"27,2",15:40,99,"5,3","10,3",Varias,"3,9","1017,9",00,"1013,4",17,70,84,Varias,40,15:31
2015-11-12,C649I,GRAN CANARIA AEROPUERTO,LAS PALMAS,24,,"0,0",,,,,,"5,6",,,"8,4","1015,9",Varias,"1012,7",15,65,84,00:00,45,12:18
2015-11-13,C649I,GRAN CANARIA AEROPUERTO,LAS PALMAS,24,"25,3","0,0","23,0",06:40,"27,6",16:30,34,"3,9","10,8",00:00,"2,8","1018,2",Varias,"1015,3",03,52,68,03:03,31,17:03
2015-11-14,C649I,GRAN CANARIA AEROPUERTO,LAS PALMAS,24,"25,7","0,0","23,2",03:30,"28,2",10:50,99,"2,2","7,2",Varias,"6,0","1019,5",Varias,"1016,0",18,49,57,18:06,27,20:30
2015-11-15,C649I,GRAN CANARIA AEROPUERTO,LAS PALMAS,24,"24,4","0,0","21,9",23:00,"27,0",12:10,99,"1,4","5,0",Varias,"8,0","1018,9",Varias,"1016,1",05,57,79,05:46,26,19:45
2015-11-16,C649I,GRAN CANARIA AEROPUERTO,LAS PALMAS,24,"23,2","0,0","20,4",06:00,"25,9",12:00,99,"1,4","7,2",Varias,"9,5","1019,5",Varias,"1016,7",15,60,80,Varias,32,00:36
2015-11-17,C649I,GRAN CANARIA AEROPUERTO,LAS PALMAS,24,"22,5","0,0","20,5",05:00,"24,5",13:10,02,"7,5","15,0",10:45,"8,0","1018,9",10,"1016,8",16,60,80,00:00,48,13:02
2015-11-18,C649I,GRAN CANARIA AEROPUERTO,LAS PALMAS,24,"22,6","0,0","20,4",05:40,"24,8",13:00,03,"5,3","11,4",03:16,"9,6","1019,5",Varias,"1016,8",04,69,79,22:08,55,14:13
2015-11-19,C649I,GRAN CANARIA AEROPUERTO,LAS PALMAS,24,"23,0","0,0","20,4",04:50,"25,5",13:20,03,"8,1","12,5",13:25,"9,4","1022,0",Varias,"1018,2",04,66,79,Varias,51,05:33
2015-11-20,C649I,GRAN CANARIA AEROPUERTO,LAS PALMAS,24,"22,6","0,0","20,2",07:00,"25,0",12:00,99,"7,8","12,5",Varias,"9,7","1024,0",Varias,"1021,4",16,72,83,Varias,61,11:35
2015-11-21,C649I,GRAN CANARIA AEROPUERTO,LAS PALMAS,24,"22,0","0,0","19,5",08:00,"24,4",12:40,01,"8,6","15,0",21:05,"8,9","1022,6",00,"1017,4",24,64,80,Varias,50,12:27
2015-11-22,C649I,GRAN CANARIA AEROPUERTO,LAS PALMAS,24,"21,2","1,0","18,5",20:50,"23,8",12:10,02,"10,3","18,6",20:15,"1,1","1017,4",00,"1012,5",18,68,94,13:25,52,19:34
2015-11-23,C649I,GRAN CANARIA AEROPUERTO,LAS PALMAS,24,"20,8","0,3","18,9",07:50,"22,8",11:40,01,"10,0","18,6",07:36,"4,1","1016,2",Varias,"1012,6",03,59,78,22:10,45,11:38
2015-11-24,C649I,GRAN CANARIA AEROPUERTO,LAS PALMAS,24,"20,3",Ip,"17,9",03:30,"22,7",12:00,03,"10,3","17,5",02:45,"3,0","1021,0",Varias,"1015,7",01,59,84,03:21,48,08:29
2015-11-25,C649I,GRAN CANARIA AEROPUERTO,LAS PALMAS,24,"21,2","2,9","19,4",06:10,"23,1",13:50,99,"8,6","15,0",Varias,"4,7","1023,5",Varias,"1020,4",16,57,69,04:02,47,13:10
2015-11-26,C649I,GRAN CANARIA AEROPUERTO,LAS PALMAS,24,"21,4","0,0","19,2",08:00,"23,6",15:10,99,"8,1","13,9",18:39,"5,6","1021,2",00,"1015,5",18,64,74,18:34,52,14:50
2015-11-27,C649I,GRAN CANARIA AEROPUERTO,LAS PALMAS,24,"21,5","0,1","18,7",03:40,"24,3",12:50,03,"6,1","13,3",13:00,"3,7","1015,6",00,"1011,8",16,61,79,14:24,48,12:27
2015-11-28,C649I,GRAN CANARIA AEROPUERTO,LAS PALMAS,24,"21,8","0,0","19,6",06:50,"23,9",12:40,02,"5,3","10,8",14:00,"5,0","1017,2",Varias,"1012,8",03,67,80,06:22,54,12:26
2015-11-29,C649I,GRAN CANARIA AEROPUERTO,LAS PALMAS,24,"20,8","0,0","18,7",21:50,"22,8",13:20,03,"3,1","9,2",00:27,"0,1","1020,2",Varias,"1016,0",05,71,79,21:49,64,02:36
2015-11-30,C649I,GRAN CANARIA AEROPUERTO,LAS PALMAS,24,"21,6","0,0","17,7",05:20,"25,6",14:30,12,"1,7","6,7",14:30,"8,9","1022,0",Varias,"1019,1",05,67,86,07:58,27,23:13
2015-12-01,C649I,GRAN CANARIA AEROPUERTO,LAS PALMAS,24,"21,8","0,7","18,5",03:30,"25,1",12:00,99,"3,9","7,8",Varias,"6,3","1022,6",Varias,"1020,1",02,50,77,23:26,30,00:00
2015-12-02,C649I,GRAN CANARIA AEROPUERTO,LAS PALMAS,24,"20,8","0,0","17,2",05:53,"24,5",14:14,99,"2,8","7,2",Varias,"9,5","1022,3",01,"1018,6",17,57,77,00:04,39,14:48
2015-12-03,C649I,GRAN CANARIA AEROPUERTO,LAS PALMAS,24,,"0,0",,,,,,,,,"6,5",,,,,,,,,
2015-12-04,C649I,GRAN CANARIA AEROPUERTO,LAS PALMAS,24,,"0,0",,,,,,,,,"6,2",,,,,,,,,
2015-12-05,C649I,GRAN CANARIA AEROPUERTO,LAS PALMAS,24,"21,3","0,0","18,0",02:20,"24,6",12:20,34,"1,9","7,8",01:07,"2,8","1022,9",Varias,"1019,3",18,46,69,07:58,28,02:55
2015-12-06,C649I,GRAN CANARIA AEROPUERTO,LAS PALMAS,24,"21,5","0,0","18,9",23:20,"24,1",12:30,11,"1,9","6,7",15:32,"6,0","1019,9",Varias,"1016,0",16,60,72,08:07,34,00:08
2015-12-07,C649I,GRAN CANARIA AEROPUERTO,LAS PALMAS,24,"21,3","0,0","18,7",08:00,"23,9",14:30,08,"1,7","7,2",14:09,"4,2","1019,2",Varias,"1016,0",16,55,77,05:02,38,22:23
2015-12-08,C649I,GRAN CANARIA AEROPUERTO,LAS PALMAS,24,"21,2","0,0","19,1",06:00,"23,2",13:00,33,"2,5","6,7",22:29,"2,4","1021,2",Varias,"1018,1",16,57,65,Varias,47,20:25
2015-12-09,C649I,GRAN CANARIA AEROPUERTO,LAS PALMAS,24,"21,4","0,0","19,4",00:30,"23,3",11:10,99,"3,6","9,2",Varias,"8,5","1021,7",Varias,"1018,6",15,57,68,23:59,44,20:51
2015-12-10,C649I,GRAN CANARIA AEROPUERTO,LAS PALMAS,24,"20,8","0,0","18,5",06:50,"23,2",13:10,11,"2,8","10,8",11:58,"7,2","1021,2",Varias,"1018,0",18,57,73,Varias,47,13:02
2015-12-11,C649I,GRAN CANARIA AEROPUERTO,LAS PALMAS,24,"20,0","0,0","17,2",23:59,"22,9",13:00,32,"2,5","7,8",02:19,"9,1","1020,7",Varias,"1017,5",16,60,70,06:30,49,11:04
2015-12-12,C649I,GRAN CANARIA AEROPUERTO,LAS PALMAS,24,"19,5","0,0","15,9",06:30,"23,1",12:40,29,"1,9","6,1",07:40,"8,9","1018,6",Varias,"1015,3",16,61,70,05:54,31,22:52
2015-12-13,C649I,GRAN CANARIA AEROPUERTO,LAS PALMAS,24,"20,4","0,0","16,1",04:40,"24,7",13:20,19,"4,4","10,3",14:55,"7,9","1016,5",00,"1012,6",17,56,76,03:43,29,00:58
2015-12-14,C649I,GRAN CANARIA AEROPUERTO,LAS PALMAS,24,"20,0","0,0","15,1",06:00,"24,9",14:20,14,"5,0","12,5",16:02,"9,0","1014,8",Varias,"1011,5",05,49,74,Varias,34,23:22
2015-12-15,C649I,GRAN CANARIA AEROPUERTO,LAS PALMAS,24,"20,2","0,0","16,0",05:20,"24,5",13:10,16,"3,6","7,8",13:59,"8,9","1019,0",Varias,"1013,9",05,53,88,07:06,30,18:31
2015-12-16,C649I,GRAN CANARIA AEROPUERTO,LAS PALMAS,24,"22,8","0,0","18,7",20:30,"26,9",13:30,12,"4,4","12,5",15:58,"8,8","1021,1",Varias,"1018,0",03,49,70,18:45,28,14:06
2015-12-17,C649I,GRAN CANARIA AEROPUERTO,LAS PALMAS,24,,"0,0",,,,,,"2,8",,,"8,7","1023,0",Varias,"1019,5",02,49,64,19:09,25,22:30
2015-12-18,C649I,GRAN CANARIA AEROPUERTO,LAS PALMAS,24,"21,4","0,0","17,6",23:59,"25,2",12:30,14,"3,3","8,9",11:40,"9,5","1022,7",Varias,"1019,0",17,53,72,Varias,26,23:14
2015-12-19,C649I,GRAN CANARIA AEROPUERTO,LAS PALMAS,24,"22,0","0,0","16,8",02:00,"27,1",11:10,15,"4,7","12,8",12:13,"9,1","1020,3",Varias,"1017,1",18,44,66,18:47,16,09:30
2015-12-20,C649I,GRAN CANARIA AEROPUERTO,LAS PALMAS,24,"20,6","2,8","17,9",01:30,"23,4",13:00,99,"6,9","14,4",Varias,"1,7","1021,0",Varias,"1017,6",15,66,94,Varias,32,05:06
2015-12-21,C649I,GRAN CANARIA AEROPUERTO,LAS PALMAS,24,"20,2","0,0","18,0",01:29,"22,5",13:06,02,"8,1","13,3",01:15,"5,0","1020,6",Varias,"1017,7",15,75,95,01:31,62,13:21
2015-12-22,C649I,GRAN CANARIA AEROPUERTO,LAS PALMAS,24,"20,4","0,0","17,2",07:10,"23,6",12:10,30,"4,4","9,2",20:52,"9,4","1022,8",Varias,"1019,5",04,62,81,05:36,41,11:10
2015-12-23,C649I,GRAN CANARIA AEROPUERTO,LAS PALMAS,24,"20,6","0,0","17,9",Varias,"23,2",14:20,99,"4,7","8,9",Varias,"9,4","1023,5",Varias,"1020,5",17,66,78,Varias,50,00:49
2015-12-24,C649I,GRAN CANARIA AEROPUERTO,LAS PALMAS,24,"19,8","0,0","16,7",06:00,"22,8",13:10,99,"3,3","7,8",Varias,"9,1","1023,7",Varias,"1020,5",18,51,82,01:46,33,17:48
2015-12-25,C649I,GRAN CANARIA AEROPUERTO,LAS PALMAS,24,"19,8","0,0","16,5",23:59,"23,1",13:50,10,"4,2","10,8",03:39,"4,3","1021,2",Varias,"1016,9",18,57,78,04:17,33,23:09
2015-12-26,C649I,GRAN CANARIA AEROPUERTO,LAS PALMAS,24,"20,2","0,0","16,5",01:50,"23,9",14:40,99,"7,2","14,4",Varias,"7,0","1017,3",00,"1013,1",15,54,70,Varias,36,00:03
2015-12-27,C649I,GRAN CANARIA AEROPUERTO,LAS PALMAS,24,"21,1","0,0","16,3",05:30,"25,9",13:10,20,"6,1","12,5",10:03,"7,9","1019,0",Varias,"1012,9",06,61,83,Varias,21,13:00
2015-12-28,C649I,GRAN CANARIA AEROPUERTO,LAS PALMAS,24,"20,1","0,0","17,1",03:50,"23,1",12:00,02,"5,3","11,4",12:28,"7,4","1024,6",Varias,"1018,4",05,76,86,06:55,62,11:23
2015-12-29,C649I,GRAN CANARIA AEROPUERTO,LAS PALMAS,24,"20,0","0,0","17,0",06:20,"23,1",16:40,99,"1,9","7,2",Varias,"9,3","1026,8",Varias,"1024,2",01,62,82,06:32,29,19:49
2015-12-30,C649I,GRAN CANARIA AEROPUERTO,LAS PALMAS,24,"19,4","0,0","16,2",01:40,"22,7",10:50,33,"2,5","7,2",Varias,"9,5","1026,4",Varias,"1022,6",17,57,72,Varias,35,02:13
2015-12-31,C649I,GRAN CANARIA AEROPUERTO,LAS PALMAS,24,"18,6","0,0","15,5",01:00,"21,8",13:00,99,"4,4","8,3",Varias,"9,0","1023,4",Varias,"1019,2",18,74,82,19:38,37,01:29
2016-01-01,C649I,GRAN CANARIA AEROPUERTO,LAS PALMAS,24,"19,0","0,0","16,0",00:10,"22,1",13:40,02,"5,8","9,7",13:38,"9,5","1021,8",Varias,"1018,9",04,78,91,06:21,58,00:22
2016-01-02,C649I,GRAN CANARIA AEROPUERTO,LAS PALMAS,24,"20,0","0,0","17,0",05:00,"22,9",13:40,99,"4,7","9,2",Varias,"9,2","1022,5",Varias,"1019,4",15,76,83,Varias,67,13:17
2016-01-03,C649I,GRAN CANARIA AEROPUERTO,LAS PALMAS,24,"19,5","0,0","17,0",08:00,"22,0",14:00,99,"6,4","11,7",Varias,"9,1","1022,0",00,"1019,4",17,73,85,Varias,66,13:58
2016-01-04,C649I,GRAN CANARIA AEROPUERTO,LAS PALMAS,24,"19,1","0,0","16,3",08:00,"21,9",14:30,99,"5,6","11,4",Varias,"8,5","1021,3",00,"1016,7",18,68,80,04:08,61,12:56
2016-01-05,C649I,GRAN CANARIA AEROPUERTO,LAS PALMAS,24,"20,0","5,3","15,7",08:00,"24,4",14:20,02,"4,2","15,0",Varias,"3,9","1018,8",Varias,"1014,7",16,81,99,Varias,48,15:11
2016-01-06,C649I,GRAN CANARIA AEROPUERTO,LAS PALMAS,24,"19,2","0,0","16,9",03:30,"21,5",14:10,99,"8,3","15,0",Varias,"6,3","1020,4",Varias,"1017,3",15,58,75,00:20,50,14:47
2016-01-07,C649I,GRAN CANARIA AEROPUERTO,LAS PALMAS,24,"19,4","0,0","17,2",23:59,"21,7",13:30,02,"3,1","11,7",00:38,"6,6","1019,3",01,"1014,6",16,64,80,Varias,59,00:39
2016-01-08,C649I,GRAN CANARIA AEROPUERTO,LAS PALMAS,24,"19,5","0,0","15,9",Varias,"23,1",15:10,17,"5,0","13,3",13:59,"6,8","1016,1",00,"1011,8",14,73,86,08:27,59,14:54
2016-01-09,C649I,GRAN CANARIA AEROPUERTO,LAS PALMAS,24,"19,0","0,0","15,2",01:00,"22,7",12:20,03,"2,2","6,1",15:11,"5,8","1017,9",Varias,"1014,1",05,70,84,Varias,55,10:39
2016-01-10,C649I,GRAN CANARIA AEROPUERTO,LAS PALMAS,24,"19,6","0,0","16,5",06:40,"22,6",12:40,99,"3,1","7,2",Varias,"6,5","1017,4",Varias,"1014,6",16,80,90,07:56,71,12:15
2016-01-11,C649I,GRAN CANARIA AEROPUERTO,LAS PALMAS,24,"19,2","0,0","16,3",04:40,"22,2",12:50,99,"2,5","6,7",Varias,"9,1","1018,2",Varias,"1015,5",04,81,93,06:40,70,20:31
2016-01-12,C649I,GRAN CANARIA AEROPUERTO,LAS PALMAS,24,"19,4","0,0","17,0",23:59,"21,9",14:40,08,"3,6","9,7",12:08,"4,6","1017,0",11,"1013,7",16,74,90,01:16,64,14:38
2016-01-13,C649I,GRAN CANARIA AEROPUERTO,LAS PALMAS,24,"19,2","0,0","15,9",03:10,"22,6",15:30,06,"1,7","6,7",15:13,"8,1","1016,1",Varias,"1013,3",05,77,91,03:04,40,23:38
2016-01-14,C649I,GRAN CANARIA AEROPUERTO,LAS PALMAS,24,"22,0","0,0","17,3",03:30,"26,6",11:30,01,"1,9","7,8",19:44,"5,0","1016,9",Varias,"1013,6",03,55,83,Varias,28,11:26
2016-01-15,C649I,GRAN CANARIA AEROPUERTO,LAS PALMAS,24,"22,8","0,0","17,6",05:10,"28,1",11:00,01,"2,5","9,2",19:36,"1,1","1017,7",Varias,"1014,7",05,54,82,06:06,25,12:38
2016-01-16,C649I,GRAN CANARIA AEROPUERTO,LAS PALMAS,24,"20,9","0,0","18,5",03:30,"23,3",12:30,99,"7,5","12,5",Varias,"8,8","1018,0",Varias,"1015,1",04,77,85,21:30,34,04:01
2016-01-17,C649I,GRAN CANARIA AEROPUERTO,LAS PALMAS,24,"20,2","0,0","17,9",03:10,"22,4",13:30,02,"10,6","15,0",Varias,"9,3","1018,4",Varias,"1015,4",16,70,86,Varias,58,12:58
2016-01-18,C649I,GRAN CANARIA AEROPUERTO,LAS PALMAS,24,"20,0","0,0","17,8",01:30,"22,3",15:00,99,"6,9","10,8",Varias,"5,5","1018,0",Varias,"1014,6",16,73,79,Varias,68,Varias
2016-01-19,C649I,GRAN CANARIA AEROPUERTO,LAS PALMAS,24,"19,3","0,0","16,3",08:00,"22,3",14:50,01,"8,1","15,0",14:39,"9,6","1016,7",Varias,"1013,3",16,68,82,Varias,53,16:09
2016-01-20,C649I,GRAN CANARIA AEROPUERTO,LAS PALMAS,24,"19,7","0,0","17,0",03:50,"22,4",13:20,99,"5,6","10,3",Varias,"9,1","1019,4",11,"1014,7",05,67,76,Varias,59,14:25
2016-01-21,C649I,GRAN CANARIA AEROPUERTO,LAS PALMAS,24,"19,6","0,0","16,5",04:20,"22,7",13:10,03,"5,6","9,2",11:44,"9,8","1020,6",Varias,"1017,5",02,72,82,Varias,63,13:16
2016-01-22,C649I,GRAN CANARIA AEROPUERTO,LAS PALMAS,24,"21,4","0,0","19,1",08:00,"23,6",12:30,03,"5,8","10,8",12:43,"7,2","1021,7",Varias,"1018,8",17,76,85,Varias,60,12:20
2016-01-23,C649I,GRAN CANARIA AEROPUERTO,LAS PALMAS,24,"20,1","0,0","17,6",23:30,"22,6",14:30,99,"2,2","7,2",Varias,"9,9","1022,6",Varias,"1018,9",05,78,89,22:34,71,11:03
2016-01-24,C649I,GRAN CANARIA AEROPUERTO,LAS PALMAS,24,"20,4","0,0","16,7",00:30,"24,0",13:20,14,"4,4","10,8",15:10,"8,9","1023,5",Varias,"1019,7",16,49,89,01:17,36,13:43
2016-01-25,C649I,GRAN CANARIA AEROPUERTO,LAS PALMAS,24,"20,0","0,0","16,9",00:50,"23,0",13:50,99,"3,3","8,9",Varias,"9,9","1025,0",Varias,"1021,5",02,53,68,08:07,32,02:13
2016-01-26,C649I,GRAN CANARIA AEROPUERTO,LAS PALMAS,24,"20,8","0,0","17,0",07:10,"24,5",15:00,99,"3,3","8,9",Varias,"9,7","1025,8",Varias,"1022,4",16,51,78,19:36,35,14:32
2016-01-27,C649I,GRAN CANARIA AEROPUERTO,LAS PALMAS,24,"19,8","0,0","16,0",06:30,"23,6",10:50,34,"2,8","8,3",Varias,"10,0","1023,8",00,"1020,4",18,53,76,20:28,33,07:11
2016-01-28,C649I,GRAN CANARIA AEROPUERTO,LAS PALMAS,24,"20,0","0,0","17,8",Varias,"22,3",12:50,02,"7,2","13,3",15:08,"9,2","1024,4",Varias,"1020,7",04,68,80,Varias,54,12:15
2016-01-29,C649I,GRAN CANARIA AEROPUERTO,LAS PALMAS,24,"20,0","0,0","18,4",Varias,"21,6",12:10,01,"8,9","15,0",21:45,"4,5","1024,1",Varias,"1021,0",15,62,74,Varias,50,14:05
2016-01-30,C649I,GRAN CANARIA AEROPUERTO,LAS PALMAS,24,"20,4","0,0","18,4",Varias,"22,3",13:45,99,"10,3","14,4",Varias,"9,1","1026,4",Varias,"1022,7",05,68,76,Varias,59,14:47
2016-01-31,C649I,GRAN CANARIA AEROPUERTO,LAS PALMAS,24,"19,7","0,0","17,3",21:43,"22,1",14:41,02,"7,8","15,0",00:17,"6,0","1025,6",Varias,"1022,2",20,69,81,Varias,59,11:53
2016-02-01,C649I,GRAN CANARIA AEROPUERTO,LAS PALMAS,24,"19,6","0,0","16,2",07:53,"23,1",Varias,99,"2,8","7,8",Varias,"6,6","1024,6",Varias,"1021,7",16,66,83,06:07,45,12:32
2016-02-02,C649I,GRAN CANARIA AEROPUERTO,LAS PALMAS,24,"19,2","0,0","17,0",00:39,"21,5",15:00,01,"5,6","9,2",Varias,"0,7","1023,3",Varias,"1019,9",05,77,83,Varias,68,13:07
2016-02-03,C649I,GRAN CANARIA AEROPUERTO,LAS PALMAS,24,"19,6","0,0","17,0",07:00,"22,1",12:50,99,"6,4","9,7",Varias,"9,2","1021,6",Varias,"1018,0",16,72,82,00:00,62,12:51
2016-02-04,C649I,GRAN CANARIA AEROPUERTO,LAS PALMAS,24,"19,8","0,0","17,6",08:00,"22,0",13:10,99,"6,1","9,7",Varias,"7,6","1020,5",Varias,"1017,1",16,73,80,Varias,63,12:29
2016-02-05,C649I,GRAN CANARIA AEROPUERTO,LAS PALMAS,24,"19,8","0,0","17,3",08:30,"22,3",12:30,03,"8,1","12,5",18:27,"10,1","1018,0",00,"1015,6",16,71,81,Varias,63,14:00
2016-02-06,C649I,GRAN CANARIA AEROPUERTO,LAS PALMAS,24,"20,0","0,0","17,4",05:00,"22,5",12:50,99,"7,8","13,3",Varias,"5,9","1022,2",24,"1016,6",05,72,79,Varias,64,11:57
2016-02-07,C649I,GRAN CANARIA AEROPUERTO,LAS PALMAS,24,"19,9","0,0","17,3",06:00,"22,5",13:50,02,"8,3","12,8",11:09,"8,8","1024,4",Varias,"1020,8",05,73,86,Varias,63,11:23
2016-02-08,C649I,GRAN CANARIA AEROPUERTO,LAS PALMAS,24,"19,9","0,0","17,9",02:00,"21,9",13:10,99,"6,9","10,3",Varias,"4,8","1026,2",Varias,"1022,9",04,74,88,01:38,67,12:10
2016-02-09,C649I,GRAN CANARIA AEROPUERTO,LAS PALMAS,24,"20,4","0,0","18,3",05:05,"22,6",13:05,99,"8,6","14,4",Varias,"5,7","1027,6",Varias,"1024,0",05,66,80,Varias,56,16:02
2016-02-10,C649I,GRAN CANARIA AEROPUERTO,LAS PALMAS,24,"20,3","0,0","18,7",Varias,"21,9",16:28,01,"9,2","15,3",15:51,"3,0","1025,2",00,"1020,7",18,65,74,Varias,56,16:09
2016-02-11,C649I,GRAN CANARIA AEROPUERTO,LAS PALMAS,24,"20,8","0,0","18,2",06:49,"23,3",14:58,99,"10,6","18,1",Varias,"8,5","1022,3",00,"1018,8",15,59,73,Varias,48,16:05
2016-02-12,C649I,GRAN CANARIA AEROPUERTO,LAS PALMAS,24,"20,2","0,1","18,2",07:59,"22,2",Varias,01,"11,1","18,6",13:57,"3,9","1021,6",Varias,"1018,9",05,73,92,Varias,56,16:30
2016-02-13,C649I,GRAN CANARIA AEROPUERTO,LAS PALMAS,24,"20,6","0,0","17,9",04:25,"23,4",14:52,01,"10,0","16,4",17:10,"6,3","1022,1",Varias,"1019,0",05,72,90,Varias,63,11:07
2016-02-14,C649I,GRAN CANARIA AEROPUERTO,LAS PALMAS,24,"20,8",Ip,"17,9",00:30,"23,7",15:14,35,"10,8","18,9",Varias,"5,2","1023,0",Varias,"1019,7",15,68,89,00:31,54,11:14
2016-02-15,C649I,GRAN CANARIA AEROPUERTO,LAS PALMAS,24,"19,4","0,2","16,4",23:22,"22,4",13:51,35,"13,3","21,7",16:13,"4,9","1023,7",Varias,"1019,9",18,64,81,23:24,44,13:48
2016-02-16,C649I,GRAN CANARIA AEROPUERTO,LAS PALMAS,24,"18,4",Ip,"15,8",07:30,"20,9",14:10,02,"11,1","21,7",10:23,"5,4","1023,4",Varias,"1020,2",16,51,82,00:32,42,14:11
2016-02-17,C649I,GRAN CANARIA AEROPUERTO,LAS PALMAS,24,"18,8","0,0","16,7",05:20,"20,9",14:10,01,"10,6","18,1",01:50,"6,9","1024,1",Varias,"1021,4",16,52,62,20:59,44,15:53
2016-02-18,C649I,GRAN CANARIA AEROPUERTO,LAS PALMAS,24,"15,6","18,3","11,0",22:00,"20,3",10:20,34,"7,8","22,2",18:00,"2,4","1022,9",00,"1014,1",17,78,98,12:50,52,10:09
2016-02-19,C649I,GRAN CANARIA AEROPUERTO,LAS PALMAS,24,"13,0","15,9","9,7",07:00,"16,3",14:50,02,"11,4","22,8",06:47,"3,3","1016,6",00,"1013,0",16,90,98,Varias,69,11:03
2016-02-20,C649I,GRAN CANARIA AEROPUERTO,LAS PALMAS,24,"16,1","9,2","13,2",22:30,"19,0",12:40,01,"8,1","18,1",14:29,"4,8","1014,4",00,"1011,4",15,76,94,Varias,64,12:30
2016-02-21,C649I,GRAN CANARIA AEROPUERTO,LAS PALMAS,24,"17,4","0,0","13,8",01:50,"21,0",12:20,34,"3,1","10,3",01:06,"5,3","1017,5",Varias,"1012,1",05,68,90,01:21,51,12:08
2016-02-22,C649I,GRAN CANARIA AEROPUERTO,LAS PALMAS,24,"17,5","0,0","13,6",06:10,"21,4",15:00,02,"6,7","12,8",15:35,"10,4","1021,4",Varias,"1017,0",04,67,82,Varias,57,09:21
2016-02-23,C649I,GRAN CANARIA AEROPUERTO,LAS PALMAS,24,"18,8","0,0","16,0",05:00,"21,7",14:20,99,"8,3","13,3",Varias,"10,0","1022,0",Varias,"1018,7",17,65,82,00:31,50,13:51
2016-02-24,C649I,GRAN CANARIA AEROPUERTO,LAS PALMAS,24,"19,2","0,0","16,5",04:00,"21,9",14:50,01,"9,4","16,1",14:32,"9,3","1020,7",00,"1017,4",16,63,74,20:34,49,Varias
2016-02-25,C649I,GRAN CANARIA AEROPUERTO,LAS PALMAS,24,"19,2","0,0","16,9",04:29,"21,6",12:56,99,"9,7","14,4",Varias,"8,5","1021,1",Varias,"1017,9",18,63,73,Varias,52,13:34
2016-02-26,C649I,GRAN CANARIA AEROPUERTO,LAS PALMAS,24,"19,4","0,1","17,0",Varias,"21,7",13:56,02,"10,6","16,9",13:19,"0,0","1019,6",Varias,"1016,4",17,59,69,Varias,49,13:56
2016-02-27,C649I,GRAN CANARIA AEROPUERTO,LAS PALMAS,24,"17,8","0,7","15,1",07:31,"20,6",15:47,01,"10,6","20,0",Varias,"0,0","1018,4",Varias,"1015,7",05,69,97,Varias,49,15:25
2016-02-28,C649I,GRAN CANARIA AEROPUERTO,LAS PALMAS,24,"18,4","2,4","15,9",22:05,"20,9",Varias,01,"9,2","20,6",14:18,"0,0","1016,6",00,"1013,6",18,74,97,21:35,62,13:08
2016-02-29,C649I,GRAN CANARIA AEROPUERTO,LAS PALMAS,24,"17,8","0,4","15,4",Varias,"20,1",14:17,02,"10,8","17,5",Varias,"2,6","1019,3",Varias,"1016,0",02,65,95,Varias,54,12:16
2016-03-01,C649I,GRAN CANARIA AEROPUERTO,LAS PALMAS,24,"18,5","0,0","16,3",09:18,"20,7",14:40,03,"8,3","15,3",07:48,"2,0","1020,8",Varias,"1017,2",17,63,79,Varias,52,11:25
2016-03-02,C649I,GRAN CANARIA AEROPUERTO,LAS PALMAS,24,"20,4","0,0","17,0",00:34,"23,9",12:53,34,"2,2","9,7",23:44,"0,0","1020,1",Varias,"1016,7",17,50,79,00:00,36,14:15
2016-03-03,C649I,GRAN CANARIA AEROPUERTO,LAS PALMAS,24,"19,0","0,0","16,4",Varias,"21,5",13:18,02,"7,8","13,3",17:04,"10,3","1017,8",00,"1013,9",16,71,77,Varias,39,02:13
2016-03-04,C649I,GRAN CANARIA AEROPUERTO,LAS PALMAS,24,"18,2","0,0","15,1",05:19,"21,3",14:16,99,"8,3","12,8",Varias,"0,0","1014,8",00,"1011,6",16,63,78,Varias,51,12:39
2016-03-05,C649I,GRAN CANARIA AEROPUERTO,LAS PALMAS,24,"18,9",Ip,"16,5",23:36,"21,3",13:53,99,"8,6","14,4",Varias,"2,1","1016,4",Varias,"1013,2",04,59,79,Varias,44,15:14
2016-03-06,C649I,GRAN CANARIA AEROPUERTO,LAS PALMAS,24,"17,8","0,5","15,2",22:30,"20,4",12:58,01,"9,4","15,3",13:39,"0,0","1016,3",22,"1013,6",17,58,82,22:25,42,12:45
2016-03-07,C649I,GRAN CANARIA AEROPUERTO,LAS PALMAS,24,"17,8","0,1","14,7",01:23,"21,0",14:21,02,"9,4","18,1",15:05,"3,8","1017,1",Varias,"1014,2",04,64,90,00:21,44,14:25
2016-03-08,C649I,GRAN CANARIA AEROPUERTO,LAS PALMAS,24,"18,1","0,8","15,1",07:41,"21,1",14:54,01,"11,4","18,9",21:45,"0,0","1016,8",Varias,"1013,8",17,63,92,Varias,46,14:55
2016-03-09,C649I,GRAN CANARIA AEROPUERTO,LAS PALMAS,24,"18,6","0,0","16,1",05:52,"21,2",14:08,99,"11,7","18,1",Varias,"7,3","1017,2",Varias,"1014,2",18,64,78,05:46,48,11:49
2016-03-10,C649I,GRAN CANARIA AEROPUERTO,LAS PALMAS,24,"19,0","0,0","16,5",06:34,"21,6",14:55,01,"10,8","16,4",Varias,"7,5","1017,3",Varias,"1014,6",04,63,80,19:57,50,11:17
2016-03-11,C649I,GRAN CANARIA AEROPUERTO,LAS PALMAS,24,"18,4","0,0","16,3",04:13,"20,6",14:19,99,"9,2","16,9",Varias,"0,0","1015,9",00,"1013,9",04,65,75,00:00,58,12:11
2016-03-12,C649I,GRAN CANARIA AEROPUERTO,LAS PALMAS,24,"18,3","0,0","15,9",06:51,"20,7",13:16,02,"5,8","12,8",00:09,"6,6","1016,2",Varias,"1012,5",17,64,72,Varias,53,12:18
2016-03-13,C649I,GRAN CANARIA AEROPUERTO,LAS PALMAS,24,"18,2","0,0","15,5",06:59,"20,9",15:25,99,"5,8","10,8",Varias,"0,0","1014,4",Varias,"1011,2",04,63,73,Varias,54,12:09
2016-03-14,C649I,GRAN CANARIA AEROPUERTO,LAS PALMAS,24,"17,6","0,0","14,6",07:00,"20,6",14:00,02,"3,6","8,3",09:12,"9,8","1014,8",Varias,"1011,7",04,64,74,Varias,55,13:30
2016-03-15,C649I,GRAN CANARIA AEROPUERTO,LAS PALMAS,24,"18,4","0,0","15,7",03:40,"21,0",16:00,03,"4,7","9,7",Varias,"7,9","1016,9",Varias,"1013,7",06,68,82,Varias,60,15:43
2016-03-16,C649I,GRAN CANARIA AEROPUERTO,LAS PALMAS,24,"18,3","0,0","15,5",07:40,"21,1",15:00,99,"3,1","8,9",Varias,"10,5","1015,7",00,"1012,9",04,77,85,Varias,69,14:14
2016-03-17,C649I,GRAN CANARIA AEROPUERTO,LAS PALMAS,24,"18,4","0,0","15,1",06:40,"21,8",14:30,99,"3,6","9,2",Varias,"10,8","1015,1",Varias,"1012,2",05,75,88,Varias,69,16:49
2016-03-18,C649I,GRAN CANARIA AEROPUERTO,LAS PALMAS,24,"19,3","0,0","16,9",02:50,"21,7",13:40,99,"9,7","14,4",Varias,"10,4","1015,6",11,"1012,9",05,69,86,00:04,57,12:19
2016-03-19,C649I,GRAN CANARIA AEROPUERTO,LAS PALMAS,24,"20,1","0,2","18,0",06:40,"22,2",11:00,99,"8,3","13,9",Varias,"3,8","1014,9",Varias,"1012,5",05,74,86,12:36,53,14:20
2016-03-20,C649I,GRAN CANARIA AEROPUERTO,LAS PALMAS,24,"17,8","1,8","14,4",23:59,"21,1",12:50,35,"7,8","16,4",13:59,"1,9","1015,0",Varias,"1011,5",15,58,94,Varias,50,12:30
2016-03-21,C649I,GRAN CANARIA AEROPUERTO,LAS PALMAS,24,"18,4","0,0","14,3",00:10,"22,5",14:10,34,"8,3","16,9",15:29,"8,7","1018,2",Varias,"1013,3",04,54,94,00:00,32,13:49
2016-03-22,C649I,GRAN CANARIA AEROPUERTO,LAS PALMAS,24,"18,9","0,0","15,0",07:00,"22,8",14:20,35,"7,8","16,9",17:01,"8,6","1019,8",Varias,"1016,9",17,58,72,Varias,42,10:55
2016-03-23,C649I,GRAN CANARIA AEROPUERTO,LAS PALMAS,24,"20,2","0,6","15,7",07:30,"24,8",13:20,35,"6,7","18,9",15:45,"8,5","1017,9",00,"1013,2",15,52,75,10:02,36,12:42
2016-03-24,C649I,GRAN CANARIA AEROPUERTO,LAS PALMAS,24,"17,8",Ip,"14,0",03:10,"21,5",13:40,01,"9,7","17,5",18:35,"8,8","1020,9",Varias,"1014,5",04,61,89,Varias,42,14:07
2016-03-25,C649I,GRAN CANARIA AEROPUERTO,LAS PALMAS,24,"19,0","0,0","16,9",Varias,"21,1",13:10,99,"8,3","14,4",Varias,"4,0","1023,0",Varias,"1019,2",04,57,73,22:11,48,16:34
2016-03-26,C649I,GRAN CANARIA AEROPUERTO,LAS PALMAS,24,"18,2","0,0","15,5",05:00,"20,9",14:20,99,"7,5","12,5",Varias,"8,4","1022,8",Varias,"1019,5",18,63,71,Varias,55,14:16
2016-03-27,C649I,GRAN CANARIA AEROPUERTO,LAS PALMAS,24,"17,6","0,0","14,6",07:00,"20,6",15:10,02,"8,1","15,0",16:32,"11,6","1021,1",00,"1017,3",16,60,71,Varias,50,14:03
2016-03-28,C649I,GRAN CANARIA AEROPUERTO,LAS PALMAS,24,"20,0","0,0","17,2",04:40,"22,9",16:00,03,"8,3","12,8",13:55,"10,8","1018,7",00,"1014,8",18,70,80,Varias,50,15:40
2016-03-29,C649I,GRAN CANARIA AEROPUERTO,LAS PALMAS,24,"18,8","0,0","15,9",23:59,"21,6",14:40,02,"6,4","10,3",01:14,"10,7","1015,5",00,"1010,9",18,67,77,Varias,60,Varias
2016-03-30,C649I,GRAN CANARIA AEROPUERTO,LAS PALMAS,24,"17,4","3,0","14,2",07:30,"20,5",10:10,01,"3,1","11,7",19:57,"3,7","1011,4",00,"1008,5",05,76,89,Varias,58,00:56
2016-03-31,C649I,GRAN CANARIA AEROPUERTO,LAS PALMAS,24,"17,7","1,7","14,9",01:00,"20,5",13:30,01,"10,3","18,9",14:07,"1,3","1017,3",Varias,"1010,4",02,74,93,11:05,56,23:27
2016-04-01,C649I,GRAN CANARIA AEROPUERTO,LAS PALMAS,24,"18,6","0,0","16,0",01:40,"21,1",13:50,02,"8,9","15,3",14:14,"4,4","1016,7",00,"1011,7",18,59,71,01:26,49,12:09
2016-04-02,C649I,GRAN CANARIA AEROPUERTO,LAS PALMAS,24,"19,5","0,0","16,7",Varias,"22,3",15:20,03,"7,5","15,3",14:28,"5,7","1012,6",00,"1009,0",16,58,70,05:30,43,15:06
2016-04-03,C649I,GRAN CANARIA AEROPUERTO,LAS PALMAS,24,"19,3","0,0","15,4",04:10,"23,2",13:10,36,"8,3","16,1",15:41,"6,8","1017,0",Varias,"1011,6",03,64,80,17:36,50,13:08
2016-04-04,C649I,GRAN CANARIA AEROPUERTO,LAS PALMAS,24,"20,5","0,0","17,1",02:00,"23,9",16:20,35,"9,7","16,9",14:44,"11,3","1016,9",Varias,"1013,7",17,61,78,05:28,46,15:40
2016-04-05,C649I,GRAN CANARIA AEROPUERTO,LAS PALMAS,24,"20,6","0,1","17,8",05:40,"23,5",14:50,36,"10,6","19,7",16:22,"7,9","1015,2",00,"1012,4",16,72,90,11:16,59,14:33
2016-04-06,C649I,GRAN CANARIA AEROPUERTO,LAS PALMAS,24,"19,8","0,2","16,9",00:50,"22,6",13:00,99,"13,3","20,6",Varias,"6,5","1014,2",00,"1009,7",16,73,95,10:01,60,12:50
2016-04-07,C649I,GRAN CANARIA AEROPUERTO,LAS PALMAS,24,"18,8","0,0","16,1",03:00,"21,4",12:10,02,"12,2","18,9",13:27,"3,0","1012,7",Varias,"1009,2",17,69,92,Varias,56,12:10
2016-04-08,C649I,GRAN CANARIA AEROPUERTO,LAS PALMAS,24,"19,4","0,0","16,7",05:30,"22,2",14:20,01,"13,9","21,7",14:47,"10,5","1014,8",Varias,"1011,1",06,62,78,Varias,48,14:41
2016-04-09,C649I,GRAN CANARIA AEROPUERTO,LAS PALMAS,24,"19,3","0,0","16,3",05:40,"22,3",14:20,99,"11,7","18,9",Varias,"10,9","1014,5",00,"1011,5",04,60,75,Varias,48,12:22
2016-04-10,C649I,GRAN CANARIA AEROPUERTO,LAS PALMAS,24,"20,0","0,0","17,3",05:00,"22,7",14:10,99,"9,4","16,4",Varias,"8,3","1013,2",00,"1010,0",16,57,76,Varias,42,14:04
2016-04-11,C649I,GRAN CANARIA AEROPUERTO,LAS PALMAS,24,"18,6","0,0","15,7",03:20,"21,6",10:20,99,"3,1","8,9",Varias,"0,8","1012,6",Varias,"1010,1",05,62,75,00:00,50,10:14
2016-04-12,C649I,GRAN CANARIA AEROPUERTO,LAS PALMAS,24,"19,4",Ip,"15,3",07:10,"23,4",13:50,16,"2,8","8,3",12:53,"9,0","1014,2",Varias,"1011,4",04,60,74,Varias,42,15:41
2016-04-13,C649I,GRAN CANARIA AEROPUERTO,LAS PALMAS,24,"18,5","0,0","15,6",05:20,"21,4",11:00,15,"3,1","6,7",10:11,"4,3","1013,8",00,"1011,3",16,68,78,05:17,60,12:45
2016-04-14,C649I,GRAN CANARIA AEROPUERTO,LAS PALMAS,24,"19,0","0,0","15,2",05:30,"22,7",14:00,14,"2,8","7,8",14:03,"9,4","1012,6",00,"1009,9",17,69,77,Varias,57,08:45
2016-04-15,C649I,GRAN CANARIA AEROPUERTO,LAS PALMAS,24,"20,0","0,0","15,2",05:45,"24,7",14:59,99,"2,5","8,3",Varias,"10,5","1012,8",Varias,"1010,1",16,69,81,Varias,43,16:29
2016-04-16,C649I,GRAN CANARIA AEROPUERTO,LAS PALMAS,24,"19,2","0,0","15,6",04:33,"22,8",14:32,14,"2,5","8,3",13:43,"10,5","1013,8",Varias,"1010,4",04,71,82,Varias,61,08:23
2016-04-17,C649I,GRAN CANARIA AEROPUERTO,LAS PALMAS,24,"20,6","0,0","17,5",06:32,"23,6",14:40,14,"4,2","10,8",17:05,"12,1","1013,2",00,"1009,6",17,77,85,Varias,70,10:17
2016-04-18,C649I,GRAN CANARIA AEROPUERTO,LAS PALMAS,24,"20,8","0,0","17,7",03:50,"23,9",11:20,01,"3,9","10,8",11:52,"4,6","1011,1",23,"1006,8",05,74,83,00:00,62,10:42
2016-04-19,C649I,GRAN CANARIA AEROPUERTO,LAS PALMAS,24,"20,0",Ip,"15,9",07:00,"24,0",11:30,03,"5,3","11,7",Varias,"6,4","1014,0",Varias,"1009,2",04,67,85,Varias,46,11:26
2016-04-20,C649I,GRAN CANARIA AEROPUERTO,LAS PALMAS,24,"18,7","0,0","15,1",05:00,"22,3",10:30,07,"3,3","10,8",10:19,"3,9","1016,0",Varias,"1012,7",05,62,71,Varias,50,02:44
2016-04-21,C649I,GRAN CANARIA AEROPUERTO,LAS PALMAS,24,"19,2","0,0","16,1",04:50,"22,3",11:50,14,"2,8","10,8",13:19,"10,4","1015,9",Varias,"1013,2",17,67,76,Varias,60,12:20
2016-04-22,C649I,GRAN CANARIA AEROPUERTO,LAS PALMAS,24,"20,2","0,0","16,5",05:00,"23,8",13:40,02,"5,3","11,4",18:49,"12,3","1015,5",Varias,"1013,2",18,67,80,Varias,54,11:57
2016-04-23,C649I,GRAN CANARIA AEROPUERTO,LAS PALMAS,24,"21,2","0,0","18,2",07:00,"24,1",11:00,99,"9,2","16,4",Varias,"12,1","1015,3",00,"1010,8",18,72,81,03:56,56,13:21
2016-04-24,C649I,GRAN CANARIA AEROPUERTO,LAS PALMAS,24,"20,8","0,0","18,4",07:00,"23,3",14:30,02,"9,7","16,9",09:50,"9,4","1012,7",00,"1009,5",17,61,71,00:08,52,11:22
2016-04-25,C649I,GRAN CANARIA AEROPUERTO,LAS PALMAS,24,"21,0","0,0","18,6",22:40,"23,5",13:40,99,"11,4","17,5",Varias,"9,2","1011,2",Varias,"1008,9",16,56,74,Varias,48,12:34
2016-04-26,C649I,GRAN CANARIA AEROPUERTO,LAS PALMAS,24,"20,6","0,0","17,8",05:00,"23,3",12:50,99,"10,6","16,9",Varias,"10,4","1011,5",Varias,"1008,9",04,57,69,Varias,46,12:50
2016-04-27,C649I,GRAN CANARIA AEROPUERTO,LAS PALMAS,24,"19,8","0,0","17,2",03:30,"22,3",14:00,03,"9,4","15,3",16:44,"12,0","1011,9",Varias,"1009,5",17,63,70,Varias,54,09:57
2016-04-28,C649I,GRAN CANARIA AEROPUERTO,LAS PALMAS,24,"19,6","0,0","17,2",07:00,"21,9",12:40,02,"7,2","12,8",09:41,"4,9","1011,0",00,"1008,6",18,67,78,Varias,60,12:35
2016-04-29,C649I,GRAN CANARIA AEROPUERTO,LAS PALMAS,24,"20,6","0,0","17,6",03:40,"23,5",14:50,99,"8,1","13,3",Varias,"12,0","1012,7",Varias,"1008,1",04,65,79,Varias,54,11:37
2016-04-30,C649I,GRAN CANARIA AEROPUERTO,LAS PALMAS,24,"21,4","0,0","18,8",23:59,"24,0",12:20,03,"10,8","16,9",13:57,"8,6","1015,1",Varias,"1011,9",05,68,80,00:24,53,15:18
2016-05-01,C649I,GRAN CANARIA AEROPUERTO,LAS PALMAS,24,"21,0","0,0","18,2",04:50,"23,9",11:30,02,"10,8","16,9",15:22,"6,5","1014,8",00,"1011,8",18,65,76,Varias,47,10:40
2016-05-02,C649I,GRAN CANARIA AEROPUERTO,LAS PALMAS,24,"22,0","0,0","18,3",03:40,"25,8",15:20,99,"9,2","16,4",Varias,"12,3","1013,0",00,"1008,9",16,57,77,Varias,43,18:28
2016-05-03,C649I,GRAN CANARIA AEROPUERTO,LAS PALMAS,24,"21,0","0,0","17,2",07:10,"24,7",11:10,03,"7,2","14,4",11:52,"8,8","1010,5",00,"1008,3",05,60,75,Varias,43,11:32
2016-05-04,C649I,GRAN CANARIA AEROPUERTO,LAS PALMAS,24,,"0,0",,,,,11,"2,2","10,8",15:25,"5,9","1011,5",Varias,"1008,4",04,68,74,Varias,57,09:00
2016-05-05,C649I,GRAN CANARIA AEROPUERTO,LAS PALMAS,24,"19,9","0,1","17,2",05:50,"22,6",09:00,34,"3,3","10,3",18:12,"1,3","1013,5",Varias,"1009,6",05,69,82,Varias,58,08:44
2016-05-06,C649I,GRAN CANARIA AEROPUERTO,LAS PALMAS,24,"21,1","0,0","17,7",23:40,"24,5",11:00,01,"8,3","15,3",13:24,"3,4","1013,4",00,"1011,4",04,55,71,Varias,40,10:49
2016-05-07,C649I,GRAN CANARIA AEROPUERTO,LAS PALMAS,24,"19,6","0,0","15,9",05:30,"23,3",10:00,11,"1,4","10,8",17:18,"3,3","1013,1",00,"1006,5",18,66,72,18:48,49,09:54
2016-05-08,C649I,GRAN CANARIA AEROPUERTO,LAS PALMAS,24,"21,9","1,8","17,6",06:20,"26,2",15:30,06,"3,6","9,7",14:28,"8,7","1006,7",00,"1001,8",16,63,83,Varias,47,16:11
2016-05-09,C649I,GRAN CANARIA AEROPUERTO,LAS PALMAS,24,"20,5","0,0","17,9",05:00,"23,1",16:10,02,"4,2","9,7",16:22,"3,0","1007,5",Varias,"1004,2",05,76,95,Varias,58,15:48
2016-05-10,C649I,GRAN CANARIA AEROPUERTO,LAS PALMAS,24,"20,6","0,0","17,6",06:50,"23,7",09:50,99,"2,8","9,7",Varias,"4,7","1009,4",Varias,"1004,1",04,71,84,Varias,54,10:17
2016-05-11,C649I,GRAN CANARIA AEROPUERTO,LAS PALMAS,24,"20,0","0,0","16,9",02:50,"23,0",12:30,15,"1,7","9,2",11:00,"2,0","1013,2",Varias,"1008,3",02,66,81,Varias,56,12:31
2016-05-12,C649I,GRAN CANARIA AEROPUERTO,LAS PALMAS,24,"20,2","0,2","16,7",05:50,"23,7",12:20,35,"4,4","11,4",19:39,"3,0","1016,1",23,"1011,4",03,66,73,Varias,52,08:28
2016-05-13,C649I,GRAN CANARIA AEROPUERTO,LAS PALMAS,24,"21,3","0,0","18,0",06:00,"24,6",12:40,02,"10,0","16,1",15:13,"6,1","1016,8",Varias,"1014,3",04,64,78,11:25,53,08:42
2016-05-14,C649I,GRAN CANARIA AEROPUERTO,LAS PALMAS,24,"21,4","0,0","18,8",06:50,"24,1",13:50,99,"10,3","17,5",Varias,"9,1","1016,8",Varias,"1014,6",16,61,78,Varias,48,13:28
2016-05-15,C649I,GRAN CANARIA AEROPUERTO,LAS PALMAS,24,"22,0","0,0","18,7",06:00,"25,3",14:00,99,"10,8","18,6",Varias,"8,6","1016,6",00,"1013,5",16,58,71,Varias,43,13:50
2016-05-16,C649I,GRAN CANARIA AEROPUERTO,LAS PALMAS,24,"22,0","0,0","19,7",Varias,"24,4",12:10,99,"11,1","19,7",Varias,"8,5","1015,7",11,"1013,3",05,63,74,Varias,47,11:20
2016-05-17,C649I,GRAN CANARIA AEROPUERTO,LAS PALMAS,24,"22,3","0,0","19,0",06:00,"25,6",13:10,01,"10,3","18,9",Varias,"9,5","1016,1",Varias,"1013,4",04,56,75,Varias,42,13:04
2016-05-18,C649I,GRAN CANARIA AEROPUERTO,LAS PALMAS,24,"21,8","0,0","19,2",06:00,"24,4",11:40,35,"10,3","18,1",04:07,"6,1","1017,3",11,"1013,7",04,60,72,Varias,43,11:36
2016-05-19,C649I,GRAN CANARIA AEROPUERTO,LAS PALMAS,24,"21,6","0,0","19,0",02:50,"24,1",11:30,02,"11,9","18,6",15:15,"11,4","1016,5",Varias,"1013,7",20,62,78,Varias,47,10:23
2016-05-20,C649I,GRAN CANARIA AEROPUERTO,LAS PALMAS,24,"21,5","0,0","18,6",05:00,"24,4",15:50,01,"9,2","16,4",19:22,"4,3","1014,0",00,"1011,2",19,67,76,Varias,57,15:26
2016-05-21,C649I,GRAN CANARIA AEROPUERTO,LAS PALMAS,24,"22,1","0,0","19,3",Varias,"24,9",14:30,99,"10,8","17,5",Varias,"10,7","1013,7",Varias,"1010,9",19,69,82,Varias,56,14:19
2016-05-22,C649I,GRAN CANARIA AEROPUERTO,LAS PALMAS,24,"21,8","0,0","18,6",00:47,"25,1",13:58,99,"10,8","19,7",Varias,"12,1","1014,9",Varias,"1011,6",05,64,86,00:45,52,12:35
2016-05-23,C649I,GRAN CANARIA AEROPUERTO,LAS PALMAS,24,"22,4","0,0","19,1",03:50,"25,7",12:30,02,"10,0","17,5",12:38,"12,0","1014,7",00,"1011,8",18,66,79,Varias,56,12:26
2016-05-24,C649I,GRAN CANARIA AEROPUERTO,LAS PALMAS,24,"22,2","0,0","19,9",03:50,"24,6",12:00,02,"10,3","16,4",12:43,"11,1","1014,2",Varias,"1011,1",18,66,81,Varias,57,17:45
2016-05-25,C649I,GRAN CANARIA AEROPUERTO,LAS PALMAS,24,"22,0","0,0","19,4",23:59,"24,7",11:50,03,"8,6","14,4",12:32,"5,3","1012,1",00,"1009,1",18,70,85,Varias,57,11:42
2016-05-26,C649I,GRAN CANARIA AEROPUERTO,LAS PALMAS,24,,"0,0",,,,,,,,,,,,,,,,,,
2016-05-27,C649I,GRAN CANARIA AEROPUERTO,LAS PALMAS,24,"20,0","0,0","16,4",04:40,"23,7",11:50,09,"1,9","8,3",13:48,"5,5","1016,3",Varias,"1010,1",03,70,79,05:46,62,16:59
2016-05-28,C649I,GRAN CANARIA AEROPUERTO,LAS PALMAS,24,"21,8","0,0","18,0",06:00,"25,5",12:00,99,"8,1","14,4",Varias,"10,0","1019,8",Varias,"1015,4",02,63,76,Varias,54,15:18
2016-05-29,C649I,GRAN CANARIA AEROPUERTO,LAS PALMAS,24,"22,0","0,0","19,2",06:00,"24,9",16:50,03,"10,0","16,1",16:18,"12,5","1019,5",00,"1015,6",18,59,76,Varias,40,16:48
2016-05-30,C649I,GRAN CANARIA AEROPUERTO,LAS PALMAS,24,"22,4","0,0","19,5",06:00,"25,2",15:00,02,"11,7","18,9",Varias,"9,2","1016,6",00,"1013,6",18,58,70,Varias,43,14:33
2016-05-31,C649I,GRAN CANARIA AEROPUERTO,LAS PALMAS,24,"22,0","0,0","19,4",Varias,"24,6",13:10,99,"11,1","16,4",Varias,"10,7","1014,2",Varias,"1012,2",17,61,74,Varias,52,11:27
2016-06-01,C649I,GRAN CANARIA AEROPUERTO,LAS PALMAS,24,"21,2","0,0","18,3",06:00,"24,1",13:50,02,"9,2","15,3",10:38,"12,4","1013,9",Varias,"1011,6",18,70,78,Varias,61,12:07
2016-06-02,C649I,GRAN CANARIA AEROPUERTO,LAS PALMAS,24,,"0,0",,,,,99,"10,3","16,4",Varias,"12,8","1014,5",Varias,"1011,9",05,64,77,Varias,57,12:14
2016-06-03,C649I,GRAN CANARIA AEROPUERTO,LAS PALMAS,24,"22,2","0,0","18,7",04:40,"25,6",15:30,03,"9,2","15,3",13:41,"11,8","1014,7",Varias,"1012,5",04,60,74,Varias,49,15:26
2016-06-04,C649I,GRAN CANARIA AEROPUERTO,LAS PALMAS,24,"22,8","0,0","20,1",06:10,"25,4",14:50,02,"10,0","15,3",14:25,"12,4","1014,3",00,"1011,8",17,67,81,Varias,56,14:17
2016-06-05,C649I,GRAN CANARIA AEROPUERTO,LAS PALMAS,24,"22,4","0,0","19,9",06:00,"25,0",13:00,03,"9,7","15,3",Varias,"11,6","1013,8",Varias,"1011,4",04,69,85,04:12,59,12:30
2016-06-06,C649I,GRAN CANARIA AEROPUERTO,LAS PALMAS,24,"23,2","0,0","19,9",06:00,"26,4",16:20,01,"10,0","16,9",09:05,"13,1","1013,6",Varias,"1011,3",05,62,80,00:00,57,17:36
2016-06-07,C649I,GRAN CANARIA AEROPUERTO,LAS PALMAS,24,"24,2","0,0","21,1",23:54,"27,3",10:13,99,"9,2","13,9",Varias,"12,5","1014,3",Varias,"1011,5",04,59,82,23:30,38,10:14
2016-06-08,C649I,GRAN CANARIA AEROPUERTO,LAS PALMAS,24,"24,2","0,0","20,0",06:00,"28,4",17:30,02,"9,7","15,0",11:59,"12,6","1015,4",Varias,"1012,6",03,63,82,Varias,44,18:07
2016-06-09,C649I,GRAN CANARIA AEROPUERTO,LAS PALMAS,24,"26,2","0,0","22,9",00:40,"29,6",12:40,03,"10,6","16,9",Varias,"12,8","1015,8",Varias,"1014,0",17,49,71,Varias,36,10:41
2016-06-10,C649I,GRAN CANARIA AEROPUERTO,LAS PALMAS,24,"25,0","0,0","22,0",20:50,"28,0",15:40,99,"11,7","18,6",Varias,"6,6","1015,2",00,"1011,8",18,66,87,20:42,52,13:00
2016-06-11,C649I,GRAN CANARIA AEROPUERTO,LAS PALMAS,24,"23,7","0,0","21,3",23:59,"26,1",16:00,35,"11,4","18,6",18:46,"11,4","1014,8",Varias,"1011,7",04,61,78,00:45,48,16:09
2016-06-12,C649I,GRAN CANARIA AEROPUERTO,LAS PALMAS,24,"23,4","0,0","20,2",06:00,"26,7",11:40,99,"11,4","17,5",Varias,"11,3","1017,6",Varias,"1012,9",05,65,87,22:43,53,11:20
2016-06-13,C649I,GRAN CANARIA AEROPUERTO,LAS PALMAS,24,"24,3","0,0","21,3",04:50,"27,3",12:10,03,"11,1","18,1",15:48,,"1017,6",00,"1014,3",17,59,81,00:00,49,12:01
2016-06-14,C649I,GRAN CANARIA AEROPUERTO,LAS PALMAS,24,"25,0","0,0","21,9",02:00,"28,2",12:40,02,"10,8","18,6",17:48,"10,9","1015,9",00,"1012,8",17,67,84,01:38,54,15:52
2016-06-15,C649I,GRAN CANARIA AEROPUERTO,LAS PALMAS,24,"25,2","0,4","22,1",02:00,"28,4",16:20,02,"10,6","18,9",09:32,"11,4","1014,8",00,"1012,0",18,67,80,01:46,52,16:10
2016-06-16,C649I,GRAN CANARIA AEROPUERTO,LAS PALMAS,24,"24,0","0,0","20,7",05:10,"27,3",14:40,02,"9,7","16,4",13:58,"10,8","1014,5",Varias,"1012,5",03,64,89,01:37,41,11:16
2016-06-17,C649I,GRAN CANARIA AEROPUERTO,LAS PALMAS,24,"23,2","0,0","20,0",04:10,"26,4",13:40,99,"9,7","14,4",Varias,"11,4","1017,2",Varias,"1012,5",04,58,72,04:47,42,14:49
2016-06-18,C649I,GRAN CANARIA AEROPUERTO,LAS PALMAS,24,"23,3","0,0","20,6",06:30,"26,0",15:40,02,"9,7","16,9",Varias,"10,5","1019,3",Varias,"1015,9",04,62,72,Varias,46,10:29
2016-06-19,C649I,GRAN CANARIA AEROPUERTO,LAS PALMAS,24,"23,0","0,0","20,3",05:00,"25,7",14:20,03,"10,6","17,5",15:09,"11,1","1019,2",Varias,"1016,5",18,66,75,Varias,58,12:23
2016-06-20,C649I,GRAN CANARIA AEROPUERTO,LAS PALMAS,24,"25,6","0,0","20,4",Varias,"30,7",14:40,99,"11,9","18,1",Varias,"12,3","1017,7",00,"1012,2",18,58,78,Varias,33,14:36
2016-06-21,C649I,GRAN CANARIA AEROPUERTO,LAS PALMAS,24,"23,8","0,0","20,7",05:00,"26,8",12:30,99,"11,7","17,5",Varias,"12,1","1013,2",00,"1008,8",19,68,80,Varias,58,12:01
2016-06-22,C649I,GRAN CANARIA AEROPUERTO,LAS PALMAS,24,"23,4","0,0","20,4",Varias,"26,4",12:20,01,"11,1","16,1",Varias,"10,8","1011,5",Varias,"1008,1",17,71,81,Varias,60,12:17
2016-06-23,C649I,GRAN CANARIA AEROPUERTO,LAS PALMAS,24,"24,4","0,0","21,7",05:49,"27,1",11:02,99,"10,6","18,1",Varias,"11,0","1011,1",Varias,"1008,5",18,74,82,Varias,64,11:03
2016-06-24,C649I,GRAN CANARIA AEROPUERTO,LAS PALMAS,24,"25,3","0,0","22,7",02:50,"27,9",12:00,01,"12,2","18,1",16:33,"10,6","1011,8",Varias,"1009,7",18,72,81,Varias,57,03:40
2016-06-25,C649I,GRAN CANARIA AEROPUERTO,LAS PALMAS,24,"25,0","0,0","22,1",23:40,"27,8",13:10,99,"14,2","20,6",Varias,"10,3","1014,1",Varias,"1010,1",04,60,81,03:26,48,07:14
2016-06-26,C649I,GRAN CANARIA AEROPUERTO,LAS PALMAS,24,"24,2","0,0","21,7",05:50,"26,8",13:50,02,"13,9","20,6",12:33,"10,0","1015,9",Varias,"1013,2",04,62,75,00:23,53,13:01
2016-06-27,C649I,GRAN CANARIA AEROPUERTO,LAS PALMAS,24,"24,4","0,0","21,5",05:00,"27,2",15:30,02,"11,4","20,0",13:09,"7,5","1015,5",00,"1012,5",18,58,72,04:58,42,15:21
2016-06-28,C649I,GRAN CANARIA AEROPUERTO,LAS PALMAS,24,"24,8","0,0","21,6",00:40,"28,0",13:20,02,"9,7","17,5",16:13,"9,3","1013,9",Varias,"1011,1",16,57,83,Varias,48,11:13
2016-06-29,C649I,GRAN CANARIA AEROPUERTO,LAS PALMAS,24,"24,9","0,0","21,9",05:50,"27,9",15:10,01,"9,7","16,9",14:15,"6,2","1015,4",Varias,"1012,4",04,68,84,00:30,55,12:00
2016-06-30,C649I,GRAN CANARIA AEROPUERTO,LAS PALMAS,24,"24,2","0,0","21,8",23:59,"26,7",13:20,02,"12,2","18,6",13:56,"9,3","1017,1",Varias,"1013,8",03,65,82,00:09,58,16:37
2016-07-01,C649I,GRAN CANARIA AEROPUERTO,LAS PALMAS,24,"24,0","0,0","21,2",04:10,"26,7",13:50,99,"11,9","19,7",16:30,"11,8","1017,4",Varias,"1015,5",Varias,62,73,Varias,51,15:20
2016-07-02,C649I,GRAN CANARIA AEROPUERTO,LAS PALMAS,24,"24,4","0,0","20,9",07:30,"28,0",14:40,02,"12,5","19,7",16:37,"8,7","1017,1",00,"1013,8",16,64,86,Varias,47,15:24
2016-07-03,C649I,GRAN CANARIA AEROPUERTO,LAS PALMAS,24,"24,4","0,0","21,8",05:00,"27,1",16:50,01,"10,8","18,1",16:41,"10,5","1015,8",Varias,"1013,4",17,63,77,Varias,50,11:33
2016-07-04,C649I,GRAN CANARIA AEROPUERTO,LAS PALMAS,24,"24,1","0,0","21,5",23:59,"26,7",15:40,03,"10,3","17,5",15:59,"9,4","1015,6",Varias,"1013,0",18,63,81,Varias,52,15:33
2016-07-05,C649I,GRAN CANARIA AEROPUERTO,LAS PALMAS,24,"24,0","0,0","20,7",04:50,"27,3",14:58,01,"10,6","17,5",16:40,"9,0","1015,6",Varias,"1013,4",17,71,83,Varias,56,12:18
2016-07-06,C649I,GRAN CANARIA AEROPUERTO,LAS PALMAS,24,"24,2","0,0","20,8",02:20,"27,6",13:20,02,"10,8","17,5",15:28,"8,0","1015,3",Varias,"1012,9",18,64,86,02:07,50,13:15
2016-07-07,C649I,GRAN CANARIA AEROPUERTO,LAS PALMAS,24,"24,6","0,0","21,9",05:00,"27,3",13:40,01,"13,1","22,2",16:05,"8,8","1015,2",00,"1012,0",18,58,71,00:00,47,13:19
2016-07-08,C649I,GRAN CANARIA AEROPUERTO,LAS PALMAS,24,"25,2","0,0","21,8",03:00,"28,6",12:50,99,"12,5","20,0",Varias,"11,1","1014,9",Varias,"1012,0",17,61,79,02:55,49,12:38
2016-07-09,C649I,GRAN CANARIA AEROPUERTO,LAS PALMAS,24,"26,0","0,0","22,2",23:59,"29,8",14:20,02,"11,4","18,6",17:40,"12,2","1014,6",00,"1011,4",17,64,81,Varias,54,13:51
2016-07-10,C649I,GRAN CANARIA AEROPUERTO,LAS PALMAS,24,"25,7","0,0","21,6",03:00,"29,8",13:40,02,"11,4","19,7",21:37,"12,8","1012,7",Varias,"1010,2",18,65,79,01:34,51,13:32
2016-07-11,C649I,GRAN CANARIA AEROPUERTO,LAS PALMAS,24,,"0,0",,,,,,,,,,,,,,,,,,
2016-07-12,C649I,GRAN CANARIA AEROPUERTO,LAS PALMAS,24,"28,0","0,0","23,4",23:59,"32,5",16:00,99,"13,9","20,0",Varias,,"1011,3",Varias,"1008,6",06,29,72,23:53,20,05:56
2016-07-13,C649I,GRAN CANARIA AEROPUERTO,LAS PALMAS,24,"27,0","0,0","23,2",01:00,"30,8",13:40,34,"12,5","21,7",15:45,"9,0","1011,3",23,"1008,4",16,35,73,00:54,24,20:34
2016-07-14,C649I,GRAN CANARIA AEROPUERTO,LAS PALMAS,24,"27,4","0,0","22,5",23:59,"32,2",14:50,99,"12,2","16,9",Varias,"11,5","1010,9",Varias,"1007,9",18,47,76,Varias,25,02:22
2016-07-15,C649I,GRAN CANARIA AEROPUERTO,LAS PALMAS,24,"25,0","0,0","21,5",06:00,"28,4",12:30,01,"13,3","20,6",21:13,"11,7","1010,2",Varias,"1006,5",18,66,82,Varias,52,23:59
2016-07-16,C649I,GRAN CANARIA AEROPUERTO,LAS PALMAS,24,"28,4","0,0","23,5",22:40,"33,3",14:20,99,"12,5","16,9",Varias,"11,9","1010,8",Varias,"1008,1",05,39,73,Varias,16,14:15
2016-07-17,C649I,GRAN CANARIA AEROPUERTO,LAS PALMAS,24,"27,2","0,0","21,6",06:00,"32,7",15:30,99,"11,7","17,5",Varias,"12,6","1010,9",Varias,"1006,7",18,62,82,Varias,34,23:26
2016-07-18,C649I,GRAN CANARIA AEROPUERTO,LAS PALMAS,24,"27,3","0,0","23,1",23:59,"31,5",15:10,03,"9,7","16,9",15:52,"11,9","1009,4",00,"1006,7",18,57,76,Varias,35,00:51
2016-07-19,C649I,GRAN CANARIA AEROPUERTO,LAS PALMAS,24,"26,6","0,0","22,7",Varias,"30,6",12:20,,"11,9",,,,"1011,2",24,"1006,5",03,57,77,02:00,40,Varias
2016-07-20,C649I,GRAN CANARIA AEROPUERTO,LAS PALMAS,24,"27,0","0,0","23,5",04:00,"30,5",16:00,,,,,"0,0",,,,,,88,Varias,60,16:00
2016-07-21,C649I,GRAN CANARIA AEROPUERTO,LAS PALMAS,24,"27,8","0,0","23,2",06:00,"32,3",16:50,99,"11,1","17,5",Varias,"10,0","1012,3",Varias,"1009,3",04,56,90,Varias,27,17:09
2016-07-22,C649I,GRAN CANARIA AEROPUERTO,LAS PALMAS,24,"27,3","0,0","23,1",23:59,"31,5",13:30,99,"12,5","20,6",Varias,"11,5","1012,4",Varias,"1010,4",03,44,75,Varias,25,00:20
2016-07-23,C649I,GRAN CANARIA AEROPUERTO,LAS PALMAS,24,"25,2","0,0","22,8",Varias,"27,7",13:20,01,"12,5","21,1",19:05,"7,9","1011,7",00,"1008,4",18,65,76,Varias,55,13:11
2016-07-24,C649I,GRAN CANARIA AEROPUERTO,LAS PALMAS,24,"25,6","0,0","22,3",05:20,"29,0",13:40,36,"13,9","19,7",08:45,"11,6","1009,2",00,"1006,3",20,66,81,Varias,48,20:32
2016-07-25,C649I,GRAN CANARIA AEROPUERTO,LAS PALMAS,24,"25,8","0,0","22,6",02:30,"29,1",13:40,99,"9,7","16,4",Varias,"10,6","1010,0",Varias,"1007,2",Varias,70,84,Varias,58,12:08
2016-07-26,C649I,GRAN CANARIA AEROPUERTO,LAS PALMAS,24,"26,0","0,0","23,7",02:00,"28,2",12:50,02,"9,4","18,6",17:56,"10,7","1012,9",Varias,"1009,4",01,73,85,Varias,35,03:48
2016-07-27,C649I,GRAN CANARIA AEROPUERTO,LAS PALMAS,24,"28,0","0,0","22,9",23:59,"33,0",14:00,99,"11,7","18,6",Varias,"11,4","1013,9",11,"1010,6",04,60,82,00:00,42,13:49
2016-07-28,C649I,GRAN CANARIA AEROPUERTO,LAS PALMAS,24,"25,3","0,0","22,1",Varias,"28,5",14:10,99,"14,4","22,2",Varias,"10,2","1013,2",Varias,"1009,4",21,67,80,Varias,55,15:42
2016-07-29,C649I,GRAN CANARIA AEROPUERTO,LAS PALMAS,24,"25,3","0,0","23,1",06:10,"27,5",14:20,01,"12,5","20,0",14:37,"7,3","1012,4",Varias,"1009,6",17,68,76,Varias,58,14:18
2016-07-30,C649I,GRAN CANARIA AEROPUERTO,LAS PALMAS,24,"25,2","0,0","22,7",05:00,"27,7",13:10,35,"13,3","21,7",18:03,"2,8","1012,4",00,"1008,6",18,68,81,Varias,54,23:12
2016-07-31,C649I,GRAN CANARIA AEROPUERTO,LAS PALMAS,24,"26,6","0,0","23,3",23:59,"30,0",13:00,01,"14,7","22,2",18:30,"10,3","1012,5",Varias,"1010,4",18,63,77,23:53,48,05:28
2016-08-01,C649I,GRAN CANARIA AEROPUERTO,LAS PALMAS,24,,"0,0",,,,,,,,,,,,,,,,,,
2016-08-02,C649I,GRAN CANARIA AEROPUERTO,LAS PALMAS,24,"25,8","0,0","22,8",05:50,"28,8",13:50,36,"14,2","22,8",14:33,"11,9","1013,1",Varias,"1011,1",18,65,78,Varias,53,13:43
2016-08-03,C649I,GRAN CANARIA AEROPUERTO,LAS PALMAS,24,"25,3","0,0","22,4",05:50,"28,2",13:00,99,"15,8","22,8",Varias,"11,7","1012,5",00,"1008,3",19,64,77,Varias,53,14:05
2016-08-04,C649I,GRAN CANARIA AEROPUERTO,LAS PALMAS,24,"25,8","0,0","22,6",04:00,"29,1",23:20,99,"13,1","20,6",Varias,"11,5","1010,0",00,"1005,8",20,72,80,06:55,45,23:04
2016-08-05,C649I,GRAN CANARIA AEROPUERTO,LAS PALMAS,24,"29,8","0,0","25,3",06:00,"34,2",18:50,01,"8,6","15,3",00:16,"11,4","1010,1",Varias,"1005,9",05,49,73,Varias,31,18:57
2016-08-06,C649I,GRAN CANARIA AEROPUERTO,LAS PALMAS,24,"28,9","0,0","25,3",Varias,"32,5",14:50,99,"9,7","15,3",Varias,"8,0","1012,3",Varias,"1009,2",01,49,72,00:30,32,16:35
2016-08-07,C649I,GRAN CANARIA AEROPUERTO,LAS PALMAS,24,"26,3","0,0","23,0",06:00,"29,6",13:10,02,"11,7","18,1",Varias,"12,2","1011,9",Varias,"1008,7",18,69,82,Varias,56,02:26
2016-08-08,C649I,GRAN CANARIA AEROPUERTO,LAS PALMAS,24,"26,7","0,0","23,6",04:00,"29,8",11:20,02,"9,4","16,9",04:29,"12,2","1009,0",00,"1006,0",18,70,83,Varias,56,10:34
2016-08-09,C649I,GRAN CANARIA AEROPUERTO,LAS PALMAS,24,,"0,0",,,,,,"8,3",,,,"1008,1",Varias,"1005,3",18,68,87,04:03,20,22:12
2016-08-10,C649I,GRAN CANARIA AEROPUERTO,LAS PALMAS,24,"32,6","0,0","27,2",02:20,"37,9",13:10,01,"10,3","18,6",15:43,"11,6","1008,8",Varias,"1004,8",03,30,60,Varias,20,06:52
2016-08-11,C649I,GRAN CANARIA AEROPUERTO,LAS PALMAS,24,"26,8","0,0","23,5",Varias,"30,1",Varias,01,"11,9","19,7",18:25,"11,5","1011,0",Varias,"1007,5",02,66,79,Varias,28,04:40
2016-08-12,C649I,GRAN CANARIA AEROPUERTO,LAS PALMAS,24,"25,2","0,0","22,6",Varias,"27,8",17:40,01,"10,6","18,6",23:55,"11,2","1013,7",Varias,"1010,0",03,70,83,Varias,62,16:57
2016-08-13,C649I,GRAN CANARIA AEROPUERTO,LAS PALMAS,24,"26,1","0,0","22,8",05:10,"29,4",11:30,02,"12,2","20,6",09:26,"12,1","1012,7",Varias,"1010,4",04,67,79,06:42,54,11:25
2016-08-14,C649I,GRAN CANARIA AEROPUERTO,LAS PALMAS,24,"26,7","0,0","23,4",02:00,"30,0",13:40,01,"10,0","19,7",11:55,"12,4","1011,4",00,"1008,7",18,51,77,Varias,42,05:46
2016-08-15,C649I,GRAN CANARIA AEROPUERTO,LAS PALMAS,24,"27,2","0,0","24,1",00:40,"30,3",14:00,01,"12,5","20,0",12:17,"11,1","1010,6",Varias,"1008,3",05,65,76,Varias,53,13:46
2016-08-16,C649I,GRAN CANARIA AEROPUERTO,LAS PALMAS,24,"26,6","0,0","23,6",Varias,"29,6",14:20,01,"11,9","18,6",16:32,"10,4","1012,1",Varias,"1008,1",06,69,80,Varias,57,14:16
2016-08-17,C649I,GRAN CANARIA AEROPUERTO,LAS PALMAS,24,"26,6","0,0","23,4",05:20,"29,8",14:20,02,"10,0","16,9",11:59,"10,2","1012,5",Varias,"1009,6",05,71,83,Varias,56,14:09
2016-08-18,C649I,GRAN CANARIA AEROPUERTO,LAS PALMAS,24,"25,1","0,0","22,4",05:40,"27,8",15:20,02,"9,7","16,1",Varias,"11,3","1012,2",00,"1009,1",18,72,86,Varias,63,14:58
2016-08-19,C649I,GRAN CANARIA AEROPUERTO,LAS PALMAS,24,"25,9","0,0","22,4",07:00,"29,4",15:10,99,"10,3","16,4",Varias,"11,8","1012,1",Varias,"1009,4",04,69,82,Varias,56,15:03
2016-08-20,C649I,GRAN CANARIA AEROPUERTO,LAS PALMAS,24,"26,2","0,0","23,1",06:00,"29,2",13:30,01,"10,8","18,1",17:24,"11,8","1013,5",Varias,"1010,1",04,68,81,00:30,58,13:27
2016-08-21,C649I,GRAN CANARIA AEROPUERTO,LAS PALMAS,24,"24,8","0,3","23,8",23:59,"25,9",10:30,03,"8,6","15,3",14:56,"0,0","1014,0",Varias,"1011,2",04,84,88,12:58,73,00:16
2016-08-22,C649I,GRAN CANARIA AEROPUERTO,LAS PALMAS,24,"26,1","0,0","23,2",02:30,"29,0",17:00,03,"8,6","13,9",15:20,"11,3","1014,5",Varias,"1011,4",18,74,87,Varias,60,16:52
2016-08-23,C649I,GRAN CANARIA AEROPUERTO,LAS PALMAS,24,"25,2","0,0","22,6",06:30,"27,8",15:50,99,"11,1","18,9",Varias,"11,8","1013,4",00,"1010,7",19,73,87,Varias,63,15:51
2016-08-24,C649I,GRAN CANARIA AEROPUERTO,LAS PALMAS,24,"25,4","0,0","22,3",06:50,"28,6",15:30,02,"11,7","18,9",14:27,"11,6","1011,4",00,"1007,7",17,69,82,Varias,57,16:28
2016-08-25,C649I,GRAN CANARIA AEROPUERTO,LAS PALMAS,24,"26,7","0,0","23,5",03:30,"29,9",14:00,01,"10,0","18,6",15:21,"10,7","1009,2",Varias,"1005,4",17,61,75,Varias,50,12:02
2016-08-26,C649I,GRAN CANARIA AEROPUERTO,LAS PALMAS,24,"26,4","0,0","23,8",07:00,"29,0",14:20,02,"10,6","17,5",17:42,"11,0","1010,2",Varias,"1006,7",04,69,76,Varias,54,14:12
2016-08-27,C649I,GRAN CANARIA AEROPUERTO,LAS PALMAS,24,"26,5","0,0","24,0",07:00,"29,0",13:10,02,"11,1","16,9",15:41,"9,4","1013,2",Varias,"1007,8",05,73,83,Varias,62,13:10
2016-08-28,C649I,GRAN CANARIA AEROPUERTO,LAS PALMAS,24,"27,1","0,0","24,8",04:20,"29,4",13:40,02,"8,6","16,1",20:08,"0,5","1014,0",Varias,"1010,2",05,72,83,Varias,51,22:09
2016-08-29,C649I,GRAN CANARIA AEROPUERTO,LAS PALMAS,24,"27,8","0,0","24,5",03:50,"31,2",15:20,02,"10,8","16,1",Varias,"0,0","1013,1",00,"1010,3",17,74,87,Varias,40,23:31
2016-08-30,C649I,GRAN CANARIA AEROPUERTO,LAS PALMAS,24,"29,8","0,0","25,7",06:00,"34,0",17:10,02,"11,1","18,6",13:21,"3,5","1013,8",Varias,"1010,2",05,51,77,Varias,27,17:25
2016-08-31,C649I,GRAN CANARIA AEROPUERTO,LAS PALMAS,24,,"0,0",,,,,,"12,5",,,,"1014,8",Varias,"1011,8",05,54,74,Varias,30,00:29
2016-09-01,C649I,GRAN CANARIA AEROPUERTO,LAS PALMAS,24,,"0,0",,,,,,,,,,,,,,,,,,
2016-09-02,C649I,GRAN CANARIA AEROPUERTO,LAS PALMAS,24,,"1,8",,,,,,,,,,,,,,,,,,
2016-09-03,C649I,GRAN CANARIA AEROPUERTO,LAS PALMAS,24,"24,2","2,8","21,3",06:00,"27,0",16:00,99,"7,5","15,3",Varias,"11,3","1014,4",Varias,"1011,3",16,70,79,Varias,56,16:14
2016-09-04,C649I,GRAN CANARIA AEROPUERTO,LAS PALMAS,24,"24,0","0,0","21,1",05:00,"26,8",12:40,03,"8,1","16,1",Varias,"11,6","1015,0",Varias,"1012,8",17,65,81,Varias,52,16:43
2016-09-05,C649I,GRAN CANARIA AEROPUERTO,LAS PALMAS,24,"24,4","0,0","21,6",Varias,"27,3",12:00,02,"8,1","15,0",12:01,"10,2","1014,7",Varias,"1012,6",18,62,78,Varias,52,11:04
2016-09-06,C649I,GRAN CANARIA AEROPUERTO,LAS PALMAS,24,"24,8","0,0","22,0",Varias,"27,6",14:20,03,"8,3","14,4",Varias,"11,3","1013,8",Varias,"1011,2",18,67,78,Varias,58,14:01
2016-09-07,C649I,GRAN CANARIA AEROPUERTO,LAS PALMAS,24,"25,1","0,0","22,0",07:00,"28,2",12:20,02,"9,4","17,5",16:04,,"1013,8",Varias,"1011,6",16,66,76,Varias,54,12:13
2016-09-08,C649I,GRAN CANARIA AEROPUERTO,LAS PALMAS,24,"24,7","0,0","21,9",Varias,"27,5",13:20,03,"9,7","18,1",Varias,,"1013,6",Varias,"1011,6",16,70,80,Varias,60,13:17
2016-09-09,C649I,GRAN CANARIA AEROPUERTO,LAS PALMAS,24,"25,2","0,0","22,7",23:59,"27,6",14:50,03,"9,2","17,5",12:19,,"1014,3",Varias,"1011,2",05,70,79,Varias,57,14:39
2016-09-10,C649I,GRAN CANARIA AEROPUERTO,LAS PALMAS,24,"24,6","0,0","22,2",04:00,"27,1",14:30,03,"9,7","18,9",13:58,,"1014,6",Varias,"1012,2",16,64,79,Varias,52,13:57
2016-09-11,C649I,GRAN CANARIA AEROPUERTO,LAS PALMAS,24,"24,4","0,0","21,6",06:40,"27,2",13:30,05,"9,2","16,1",13:02,,"1013,1",Varias,"1010,4",16,65,82,Varias,52,13:39
2016-09-12,C649I,GRAN CANARIA AEROPUERTO,LAS PALMAS,24,"23,2","0,0","21,7",07:00,"24,6",12:00,35,"5,3","13,3",16:29,,"1014,5",Varias,"1008,9",17,77,86,18:31,66,11:50
2016-09-13,C649I,GRAN CANARIA AEROPUERTO,LAS PALMAS,24,"24,6","0,0","21,9",06:00,"27,2",12:20,03,"8,3","16,1",12:15,,"1016,1",22,"1011,9",03,71,85,Varias,50,16:57
2016-09-14,C649I,GRAN CANARIA AEROPUERTO,LAS PALMAS,24,"24,5","0,0","22,0",Varias,"27,0",13:00,99,"8,1","16,9",Varias,,"1016,2",Varias,"1013,6",03,66,83,Varias,44,14:16
2016-09-15,C649I,GRAN CANARIA AEROPUERTO,LAS PALMAS,24,"23,2","0,0","20,9",21:50,"25,6",14:00,03,"6,9","16,1",14:15,,"1015,9",Varias,"1012,8",16,65,78,21:40,54,13:34
2016-09-16,C649I,GRAN CANARIA AEROPUERTO,LAS PALMAS,24,"24,0","0,0","21,0",06:00,"27,0",13:20,02,"8,1","16,9",14:31,,"1015,2",Varias,"1012,7",17,63,83,Varias,49,14:23
2016-09-17,C649I,GRAN CANARIA AEROPUERTO,LAS PALMAS,24,"24,1","0,0","21,4",07:20,"26,8",13:10,99,"8,1","16,9",Varias,,"1014,7",Varias,"1012,8",16,67,77,Varias,52,14:40
2016-09-18,C649I,GRAN CANARIA AEROPUERTO,LAS PALMAS,24,"23,6","0,0","21,4",05:00,"25,7",11:20,03,"6,4","11,7",10:50,,"1015,7",Varias,"1012,9",04,68,78,Varias,56,13:26
2016-09-19,C649I,GRAN CANARIA AEROPUERTO,LAS PALMAS,24,"24,2","0,0","21,5",23:59,"26,9",14:40,99,"8,3","16,9",Varias,,"1015,7",01,"1012,3",14,68,82,Varias,55,14:41
2016-09-20,C649I,GRAN CANARIA AEROPUERTO,LAS PALMAS,24,"23,6","0,0","20,8",Varias,"26,5",14:00,03,"6,4","13,3",09:12,,"1013,9",Varias,"1012,0",04,63,75,Varias,50,10:25
2016-09-21,C649I,GRAN CANARIA AEROPUERTO,LAS PALMAS,24,"24,0","0,0","21,4",07:00,"26,7",13:10,03,"6,7","15,0",15:28,,"1016,1",Varias,"1012,3",05,63,75,Varias,49,11:49
2016-09-22,C649I,GRAN CANARIA AEROPUERTO,LAS PALMAS,24,"24,2","0,0","21,5",07:00,"26,9",13:00,04,"8,3","16,1",12:06,,"1017,6",Varias,"1014,8",04,64,71,Varias,50,14:33
2016-09-23,C649I,GRAN CANARIA AEROPUERTO,LAS PALMAS,24,"24,1","0,0","21,5",03:00,"26,7",13:40,02,"9,4","18,6",15:06,,"1017,9",Varias,"1015,1",16,58,73,Varias,45,12:52
2016-09-24,C649I,GRAN CANARIA AEROPUERTO,LAS PALMAS,24,"24,3","0,0","21,6",06:10,"27,0",13:00,02,"9,7","17,5",14:29,,"1015,8",Varias,"1014,0",03,61,75,Varias,51,12:04
2016-09-25,C649I,GRAN CANARIA AEROPUERTO,LAS PALMAS,24,"24,6","0,0","21,8",07:00,"27,3",12:00,03,"8,3","17,5",14:23,,"1015,3",10,"1012,3",16,64,76,Varias,49,11:29
2016-09-26,C649I,GRAN CANARIA AEROPUERTO,LAS PALMAS,24,"24,5","0,0","21,9",05:00,"27,1",13:30,99,"9,2","18,1",Varias,,"1014,8",Varias,"1011,9",05,66,79,Varias,52,13:25
2016-09-27,C649I,GRAN CANARIA AEROPUERTO,LAS PALMAS,24,,"0,0",,,,,,"8,9",,,,"1014,4",Varias,"1011,5",16,66,,,,
2016-09-28,C649I,GRAN CANARIA AEROPUERTO,LAS PALMAS,24,"24,7","0,0","22,0",05:00,"27,4",14:20,99,"9,4","16,9",Varias,,"1012,6",00,"1009,4",15,66,74,Varias,31,01:05
2016-09-29,C649I,GRAN CANARIA AEROPUERTO,LAS PALMAS,24,"24,8","0,0","22,5",23:59,"27,2",12:40,03,"7,8","14,4",14:13,,"1010,9",Varias,"1008,1",16,70,78,Varias,62,11:51
2016-09-30,C649I,GRAN CANARIA AEROPUERTO,LAS PALMAS,24,"23,8","0,0","21,3",07:00,"26,2",13:10,99,"6,7","11,7",Varias,,"1012,1",Varias,"1008,7",03,71,83,Varias,59,14:21
2016-10-01,C649I,GRAN CANARIA AEROPUERTO,LAS PALMAS,24,"23,4","0,0","20,3",07:00,"26,6",12:10,99,"6,9","14,4",Varias,,"1012,1",Varias,"1009,5",04,69,83,Varias,58,12:15
2016-10-02,C649I,GRAN CANARIA AEROPUERTO,LAS PALMAS,24,"23,7","0,0","20,5",07:10,"26,9",13:00,99,"5,8","12,8",Varias,,"1012,2",Varias,"1009,7",17,60,75,Varias,47,13:52
2016-10-03,C649I,GRAN CANARIA AEROPUERTO,LAS PALMAS,24,"23,4","0,0","20,4",04:00,"26,4",12:00,99,"6,1","12,5",Varias,,"1013,1",Varias,"1010,0",04,66,77,Varias,52,10:34
2016-10-04,C649I,GRAN CANARIA AEROPUERTO,LAS PALMAS,24,"23,0","0,0","20,5",07:00,"25,6",12:30,02,"5,8","15,0",12:54,,"1013,2",Varias,"1010,1",23,71,85,Varias,56,12:15
2016-10-05,C649I,GRAN CANARIA AEROPUERTO,LAS PALMAS,24,"24,1","0,0","21,1",07:20,"27,1",13:10,02,"6,1","13,9",12:25,,"1010,2",00,"1007,1",17,71,83,00:07,58,13:50
2016-10-06,C649I,GRAN CANARIA AEROPUERTO,LAS PALMAS,24,"23,5","0,0","20,7",23:00,"26,3",12:00,99,"6,1","12,5",Varias,,"1008,3",Varias,"1005,5",16,70,82,00:21,56,16:17
2016-10-07,C649I,GRAN CANARIA AEROPUERTO,LAS PALMAS,24,"23,5","0,0","20,7",01:00,"26,3",13:00,04,"5,8","13,3",12:56,,"1012,4",Varias,"1007,5",03,68,80,Varias,57,16:01
2016-10-08,C649I,GRAN CANARIA AEROPUERTO,LAS PALMAS,24,"23,5","0,0","20,9",Varias,"26,1",13:00,99,"7,2","13,9",Varias,,"1015,4",Varias,"1012,0",01,65,76,Varias,55,12:35
2016-10-09,C649I,GRAN CANARIA AEROPUERTO,LAS PALMAS,24,"23,2","0,0","20,8",06:00,"25,6",13:40,99,"6,7","12,8",Varias,,"1015,9",Varias,"1012,7",17,60,77,Varias,52,12:44
2016-10-10,C649I,GRAN CANARIA AEROPUERTO,LAS PALMAS,24,"23,6","0,0","21,4",04:00,"25,8",12:50,03,"8,1","12,8",16:10,,"1013,9",00,"1011,7",16,64,79,Varias,54,12:52
2016-10-11,C649I,GRAN CANARIA AEROPUERTO,LAS PALMAS,24,"23,2","0,0","20,7",23:59,"25,8",13:00,03,"7,8","13,3",10:37,,"1014,5",Varias,"1011,5",18,65,80,00:12,53,11:46
2016-10-12,C649I,GRAN CANARIA AEROPUERTO,LAS PALMAS,24,"22,8","0,0","20,0",06:00,"25,7",12:50,05,"3,9","13,9",16:19,,"1012,9",00,"1010,2",17,65,77,Varias,58,10:32
2016-10-13,C649I,GRAN CANARIA AEROPUERTO,LAS PALMAS,24,"23,1","0,0","19,3",04:50,"26,9",12:30,34,"2,2","9,2",10:45,,"1011,4",Varias,"1009,1",05,70,79,Varias,54,10:53
2016-10-14,C649I,GRAN CANARIA AEROPUERTO,LAS PALMAS,24,"23,4","0,0","20,3",Varias,"26,6",11:20,01,"3,1","15,3",11:35,,"1010,7",00,"1008,0",15,65,79,01:52,45,10:59
2016-10-15,C649I,GRAN CANARIA AEROPUERTO,LAS PALMAS,24,"22,1","0,0","18,9",05:50,"25,3",16:00,99,"4,7","10,3",Varias,,"1010,2",Varias,"1007,5",04,69,77,Varias,59,15:38
2016-10-16,C649I,GRAN CANARIA AEROPUERTO,LAS PALMAS,24,"22,0","0,0","19,4",05:30,"24,7",11:40,16,"3,3","9,7",Varias,,"1012,6",Varias,"1007,6",05,74,83,Varias,56,15:06
2016-10-17,C649I,GRAN CANARIA AEROPUERTO,LAS PALMAS,24,"26,4","0,0","22,6",03:50,"30,2",10:10,99,"4,2","8,9",Varias,,"1014,6",Varias,"1010,1",04,48,65,18:47,31,08:52
2016-10-18,C649I,GRAN CANARIA AEROPUERTO,LAS PALMAS,24,"25,3","0,0","21,5",05:50,"29,1",13:50,03,"3,1","8,3",17:35,,"1014,7",10,"1012,3",15,52,70,Varias,36,12:19
2016-10-19,C649I,GRAN CANARIA AEROPUERTO,LAS PALMAS,24,"25,9","0,0","22,3",05:20,"29,5",12:00,99,"5,8","10,8",Varias,,"1013,1",00,"1010,2",16,65,78,19:54,39,11:50
2016-10-20,C649I,GRAN CANARIA AEROPUERTO,LAS PALMAS,24,"23,8","0,0","20,8",23:40,"26,8",14:00,03,"6,4","12,5",Varias,,"1011,0",Varias,"1008,4",18,74,85,Varias,41,01:09
2016-10-21,C649I,GRAN CANARIA AEROPUERTO,LAS PALMAS,24,"22,4","0,0","19,8",06:00,"25,1",14:40,99,"3,6","7,2",Varias,,"1010,3",Varias,"1007,8",16,75,83,Varias,66,14:31
2016-10-22,C649I,GRAN CANARIA AEROPUERTO,LAS PALMAS,24,"22,2","0,0","19,0",05:40,"25,5",13:00,13,"3,3","9,7",14:44,,"1011,1",Varias,"1007,9",03,74,85,Varias,62,12:47
2016-10-23,C649I,GRAN CANARIA AEROPUERTO,LAS PALMAS,24,"23,6","0,0","19,3",05:50,"28,0",13:50,17,"5,3","13,9",Varias,,"1009,6",00,"1004,3",14,67,83,Varias,48,13:29
2016-10-24,C649I,GRAN CANARIA AEROPUERTO,LAS PALMAS,24,"23,0","0,6","19,5",04:50,"26,6",12:40,21,"5,0","12,8",13:13,,"1005,9",00,"1001,2",18,63,90,Varias,44,12:39
2016-10-25,C649I,GRAN CANARIA AEROPUERTO,LAS PALMAS,24,"21,6","17,2","18,5",05:40,"24,6",11:50,17,"4,2","11,4",13:54,,"1003,9",Varias,"1001,2",23,66,92,Varias,51,12:10
2016-10-26,C649I,GRAN CANARIA AEROPUERTO,LAS PALMAS,24,"20,4","11,6","17,8",03:00,"23,1",11:00,17,"4,2","15,0",01:54,,"1006,4",Varias,"1000,4",03,71,94,Varias,54,18:15
2016-10-27,C649I,GRAN CANARIA AEROPUERTO,LAS PALMAS,24,"22,0","4,2","19,2",01:30,"24,8",11:04,15,"3,3","9,2",13:25,,"1011,7",Varias,"1005,9",02,85,90,Varias,66,11:00
2016-10-28,C649I,GRAN CANARIA AEROPUERTO,LAS PALMAS,24,"23,6","6,4","20,0",00:11,"27,3",15:29,18,"4,2","11,4",11:54,,"1014,7",Varias,"1010,5",17,80,93,Varias,55,17:33
2016-10-29,C649I,GRAN CANARIA AEROPUERTO,LAS PALMAS,24,"24,2","0,1","21,1",06:32,"27,3",12:32,26,"3,6","10,3",06:43,,"1015,5",11,"1012,3",16,76,93,Varias,54,07:54
2016-10-30,C649I,GRAN CANARIA AEROPUERTO,LAS PALMAS,24,"24,4","0,6","21,7",00:29,"27,1",13:31,99,"5,3","10,3",Varias,,"1013,0",00,"1009,7",16,72,88,Varias,55,04:47
2016-10-31,C649I,GRAN CANARIA AEROPUERTO,LAS PALMAS,24,"23,2","0,0","20,8",Varias,"25,6",14:40,02,"5,0","9,7",Varias,,"1013,5",Varias,"1009,3",04,76,87,00:00,68,13:38
2016-11-01,C649I,GRAN CANARIA AEROPUERTO,LAS PALMAS,24,"23,0","0,0","20,7",07:00,"25,2",14:20,02,"3,9","8,3",16:42,,"1015,9",Varias,"1013,3",00,76,86,Varias,68,14:06
2016-11-02,C649I,GRAN CANARIA AEROPUERTO,LAS PALMAS,24,"22,8","0,0","20,7",05:00,"24,8",12:40,99,"4,4","8,3",Varias,,"1014,6",Varias,"1011,4",Varias,76,85,00:00,69,12:35
2016-11-03,C649I,GRAN CANARIA AEROPUERTO,LAS PALMAS,24,"23,3","0,0","20,7",03:50,"25,9",11:30,02,"1,7","7,2",16:35,,"1012,2",00,"1009,1",17,75,85,Varias,61,11:25
2016-11-04,C649I,GRAN CANARIA AEROPUERTO,LAS PALMAS,24,"23,0","0,2","19,3",07:40,"26,7",15:10,31,"5,0","14,4",15:51,,"1010,7",Varias,"1007,0",15,72,86,Varias,48,15:11
2016-11-05,C649I,GRAN CANARIA AEROPUERTO,LAS PALMAS,24,"22,5","0,0","18,5",Varias,"26,5",13:00,18,"3,6","14,4",14:03,,"1009,8",Varias,"1006,6",16,64,83,Varias,46,12:35
2016-11-06,C649I,GRAN CANARIA AEROPUERTO,LAS PALMAS,24,"20,4","8,0","16,6",07:40,"24,3",12:00,10,"1,7","8,9",13:34,,"1010,4",Varias,"1008,2",04,75,86,Varias,59,11:58
2016-11-07,C649I,GRAN CANARIA AEROPUERTO,LAS PALMAS,24,"21,0",Ip,"17,2",07:00,"24,7",13:40,99,"5,6","13,3",Varias,,"1015,7",Varias,"1009,7",04,69,81,Varias,54,13:11
2016-11-08,C649I,GRAN CANARIA AEROPUERTO,LAS PALMAS,24,"21,9",Ip,"20,1",23:59,"23,7",12:30,02,"8,1","12,8",02:00,,"1020,5",Varias,"1015,5",01,63,80,02:05,53,12:06
2016-11-09,C649I,GRAN CANARIA AEROPUERTO,LAS PALMAS,24,"21,8","0,0","19,3",07:50,"24,2",12:40,99,"5,8","15,0",14:09,,"1021,6",Varias,"1018,8",17,60,78,Varias,42,10:59
2016-11-10,C649I,GRAN CANARIA AEROPUERTO,LAS PALMAS,24,"21,7","0,0","19,1",06:00,"24,3",13:30,02,"6,7","12,8",14:42,,"1022,0",Varias,"1018,7",17,70,81,Varias,60,13:31
2016-11-11,C649I,GRAN CANARIA AEROPUERTO,LAS PALMAS,24,"21,6","0,4","19,8",05:50,"23,5",12:30,02,"8,1","15,0",20:54,,"1019,9",00,"1016,8",17,73,86,Varias,61,12:29
2016-11-12,C649I,GRAN CANARIA AEROPUERTO,LAS PALMAS,24,"21,8","0,0","19,8",23:10,"23,9",13:50,02,"7,8","14,4",Varias,,"1017,8",11,"1014,8",16,64,77,01:54,53,11:05
2016-11-13,C649I,GRAN CANARIA AEROPUERTO,LAS PALMAS,24,"21,6","0,0","19,0",02:40,"24,1",13:00,01,"6,7","12,8",16:15,,"1015,7",00,"1012,1",16,67,80,Varias,54,16:18
2016-11-14,C649I,GRAN CANARIA AEROPUERTO,LAS PALMAS,24,"20,8","3,8","18,5",04:30,"23,0",14:20,03,"5,0","10,3",13:40,,"1012,5",00,"1009,4",17,73,89,Varias,60,14:18
2016-11-15,C649I,GRAN CANARIA AEROPUERTO,LAS PALMAS,24,"21,6","0,0","18,7",03:00,"24,4",11:10,99,"5,3","11,4",Varias,,"1011,9",Varias,"1009,4",16,68,79,00:30,53,23:59
2016-11-16,C649I,GRAN CANARIA AEROPUERTO,LAS PALMAS,24,"21,9","0,0","19,3",07:30,"24,5",13:30,02,"5,6","10,3",Varias,,"1012,1",Varias,"1009,9",03,67,79,Varias,50,00:05
2016-11-17,C649I,GRAN CANARIA AEROPUERTO,LAS PALMAS,24,"22,3","0,0","19,4",04:30,"25,2",13:20,03,"4,2","8,9",11:08,,"1012,3",Varias,"1009,9",15,71,84,Varias,48,13:28
2016-11-18,C649I,GRAN CANARIA AEROPUERTO,LAS PALMAS,24,"21,8","0,0","19,6",06:00,"24,0",12:50,02,"4,7","10,8",15:55,,"1013,1",Varias,"1010,0",16,79,85,Varias,68,12:37
2016-11-19,C649I,GRAN CANARIA AEROPUERTO,LAS PALMAS,24,"21,0","0,0","18,8",07:00,"23,2",13:50,03,"5,8","11,7",12:56,,"1015,4",Varias,"1012,5",05,74,85,00:00,62,14:58
2016-11-20,C649I,GRAN CANARIA AEROPUERTO,LAS PALMAS,24,"20,9","0,0","18,6",04:50,"23,2",14:00,03,"5,3","9,7",12:25,,"1015,3",Varias,"1012,6",04,68,81,Varias,57,13:22
2016-11-21,C649I,GRAN CANARIA AEROPUERTO,LAS PALMAS,24,"19,8","0,0","17,0",06:40,"22,5",13:10,99,"3,1","6,7",13:24,,"1014,0",00,"1009,7",Varias,69,81,Varias,59,12:03
2016-11-22,C649I,GRAN CANARIA AEROPUERTO,LAS PALMAS,24,"19,4","0,0","16,7",18:20,"22,0",09:50,34,"6,1","15,3",18:01,,"1011,1",Varias,"1006,9",06,68,87,Varias,60,20:43
2016-11-23,C649I,GRAN CANARIA AEROPUERTO,LAS PALMAS,24,"18,7","0,0","15,7",07:00,"21,7",13:50,99,"6,1","12,5",Varias,,"1015,1",Varias,"1009,8",04,62,76,Varias,42,14:35
2016-11-24,C649I,GRAN CANARIA AEROPUERTO,LAS PALMAS,24,"18,5","0,0","16,3",23:00,"20,7",12:20,99,"3,9","8,9",Varias,,"1015,8",Varias,"1013,1",17,57,69,Varias,50,13:37
2016-11-25,C649I,GRAN CANARIA AEROPUERTO,LAS PALMAS,24,"18,8","0,0","15,2",06:30,"22,5",14:50,26,"2,5","10,3",10:11,,"1013,8",00,"1006,1",18,60,74,Varias,42,10:10
2016-11-26,C649I,GRAN CANARIA AEROPUERTO,LAS PALMAS,24,"18,9","0,0","15,7",05:40,"22,1",10:30,99,"4,7","12,8",Varias,,"1010,2",Varias,"1006,4",06,64,80,Varias,52,21:34
2016-11-27,C649I,GRAN CANARIA AEROPUERTO,LAS PALMAS,24,"19,7",Ip,"16,0",05:30,"23,4",13:30,32,"3,3","9,2",16:48,,"1012,4",Varias,"1009,6",06,64,76,Varias,53,10:22
2016-11-28,C649I,GRAN CANARIA AEROPUERTO,LAS PALMAS,24,"19,4","0,0","16,4",Varias,"22,4",12:00,99,"3,3","8,3",Varias,,"1012,9",Varias,"1010,0",18,67,80,Varias,59,12:02
2016-11-29,C649I,GRAN CANARIA AEROPUERTO,LAS PALMAS,24,"19,4","0,0","17,1",02:00,"21,7",16:00,19,"3,9","9,2",13:03,,"1010,8",Varias,"1007,7",15,68,81,10:36,52,15:46
2016-11-30,C649I,GRAN CANARIA AEROPUERTO,LAS PALMAS,24,"20,6","0,0","16,6",07:30,"24,5",12:50,17,"4,4","11,4",14:04,,"1014,4",Varias,"1008,9",02,67,82,Varias,56,12:48
2016-12-01,C649I,GRAN CANARIA AEROPUERTO,LAS PALMAS,24,"19,8","0,0","16,3",05:00,"23,2",13:50,13,"2,8","6,7",13:58,,"1015,3",Varias,"1011,9",24,78,87,Varias,60,13:48
2016-12-02,C649I,GRAN CANARIA AEROPUERTO,LAS PALMAS,24,"22,8","0,0","18,2",03:20,"27,5",13:00,19,"2,5","11,7",23:49,,"1012,1",00,"1006,3",17,55,91,Varias,48,13:26
2016-12-03,C649I,GRAN CANARIA AEROPUERTO,LAS PALMAS,24,"23,8","0,0","20,1",23:59,"27,6",13:20,99,"5,6","12,8",Varias,,"1007,2",Varias,"1003,4",06,65,82,Varias,45,13:13
2016-12-04,C649I,GRAN CANARIA AEROPUERTO,LAS PALMAS,24,"22,0","0,0","18,5",23:59,"25,4",15:30,02,"4,2","11,7",15:44,,"1012,9",Varias,"1006,5",01,64,83,Varias,43,14:46
2016-12-05,C649I,GRAN CANARIA AEROPUERTO,LAS PALMAS,24,"20,2","0,0","17,1",04:59,"23,3",12:35,99,"3,6","9,7",Varias,,"1017,1",Varias,"1012,4",05,73,84,Varias,64,09:44
2016-12-06,C649I,GRAN CANARIA AEROPUERTO,LAS PALMAS,24,"21,4","0,0","19,2",05:00,"23,5",14:40,02,"4,7","12,8",17:30,,"1017,8",Varias,"1015,5",14,72,85,01:04,61,14:18
2016-12-07,C649I,GRAN CANARIA AEROPUERTO,LAS PALMAS,24,"20,4","0,0","18,5",23:59,"22,4",13:40,02,"4,7","9,7",03:41,,"1017,3",Varias,"1014,4",15,69,87,01:50,62,12:23
2016-12-08,C649I,GRAN CANARIA AEROPUERTO,LAS PALMAS,24,"21,4","0,3","17,1",03:30,"25,7",14:50,19,"2,5","8,3",10:50,,"1017,6",Varias,"1014,6",05,62,88,Varias,34,15:55
2016-12-09,C649I,GRAN CANARIA AEROPUERTO,LAS PALMAS,24,"21,0","0,0","18,0",23:30,"23,9",11:20,13,"2,2","7,2",14:12,,"1018,8",Varias,"1015,7",04,62,71,05:27,43,00:00
2016-12-10,C649I,GRAN CANARIA AEROPUERTO,LAS PALMAS,24,,"0,0",,,,,99,"2,2","6,1",Varias,,"1019,3",Varias,"1016,6",05,61,72,Varias,41,11:45
2016-12-11,C649I,GRAN CANARIA AEROPUERTO,LAS PALMAS,24,"19,6","0,0","16,3",04:30,"22,8",11:00,99,"3,6","6,7",Varias,,"1017,8",Varias,"1014,8",Varias,64,73,Varias,45,21:23
2016-12-12,C649I,GRAN CANARIA AEROPUERTO,LAS PALMAS,24,"19,4","0,5","16,2",01:00,"22,6",14:00,02,"3,1","8,9",09:27,,"1016,4",Varias,"1013,9",15,59,77,Varias,49,00:00
2016-12-13,C649I,GRAN CANARIA AEROPUERTO,LAS PALMAS,24,"19,5","0,0","16,3",05:50,"22,7",12:30,06,"2,2","6,1",13:58,,"1019,7",Varias,"1015,3",05,60,77,00:02,48,05:12
2016-12-14,C649I,GRAN CANARIA AEROPUERTO,LAS PALMAS,24,"19,4","0,5","15,8",07:00,"23,0",14:00,03,"5,6","12,5",15:21,,"1021,9",Varias,"1018,5",05,58,73,01:19,49,05:28
2016-12-15,C649I,GRAN CANARIA AEROPUERTO,LAS PALMAS,24,,"0,6",,,,,02,"5,6","13,9",16:10,,"1023,3",Varias,"1020,5",04,74,92,Varias,56,22:01
2016-12-16,C649I,GRAN CANARIA AEROPUERTO,LAS PALMAS,24,"19,6","0,4","16,8",23:00,"22,4",14:10,01,"6,7","14,4",22:26,,"1023,5",Varias,"1019,7",15,65,85,Varias,51,13:59
2016-12-17,C649I,GRAN CANARIA AEROPUERTO,LAS PALMAS,24,"17,8","2,3","15,6",20:40,"20,0",13:00,36,"7,2","17,5",10:57,,"1019,9",00,"1014,7",18,68,85,16:50,46,10:27
2016-12-18,C649I,GRAN CANARIA AEROPUERTO,LAS PALMAS,24,"18,2","0,2","15,4",07:00,"21,0",14:50,03,"4,4","13,3",12:24,,"1016,7",22,"1013,7",15,66,81,00:28,50,15:19
2016-12-19,C649I,GRAN CANARIA AEROPUERTO,LAS PALMAS,24,"18,9","1,8","16,1",23:40,"21,7",14:10,35,"4,4","11,7",17:13,,"1018,1",Varias,"1015,1",15,66,86,Varias,50,13:15
2016-12-20,C649I,GRAN CANARIA AEROPUERTO,LAS PALMAS,24,"17,8","0,6","15,0",07:00,"20,6",12:30,03,"3,9","10,3",15:37,,"1019,3",Varias,"1016,5",16,65,80,09:12,56,16:45
2016-12-21,C649I,GRAN CANARIA AEROPUERTO,LAS PALMAS,24,"18,6","0,0","16,2",06:20,"21,0",14:30,99,"6,7","10,8",Varias,,"1019,9",Varias,"1017,0",15,63,83,Varias,51,14:32
2016-12-22,C649I,GRAN CANARIA AEROPUERTO,LAS PALMAS,24,"19,2",Ip,"17,2",08:00,"21,3",13:40,99,"6,7","10,3",Varias,,"1022,0",Varias,"1018,3",03,66,76,01:21,54,16:21
2016-12-23,C649I,GRAN CANARIA AEROPUERTO,LAS PALMAS,24,"17,4","4,1","15,3",15:00,"19,4",03:50,11,"3,9","11,7",11:16,,"1023,9",Varias,"1020,3",18,65,81,Varias,44,06:17
2016-12-24,C649I,GRAN CANARIA AEROPUERTO,LAS PALMAS,24,"19,0","6,1","16,5",00:10,"21,4",13:20,99,"5,3","11,7",Varias,,"1023,0",Varias,"1020,1",15,59,75,07:34,43,13:22
2016-12-25,C649I,GRAN CANARIA AEROPUERTO,LAS PALMAS,24,"18,2","0,0","16,2",05:00,"20,2",12:30,09,"3,6","12,5",00:52,,"1021,6",Varias,"1018,1",16,57,79,04:15,47,00:00
2016-12-26,C649I,GRAN CANARIA AEROPUERTO,LAS PALMAS,24,"19,0","0,0","17,5",23:59,"20,5",12:30,11,"5,3","11,7",10:47,,"1021,2",Varias,"1017,2",17,52,72,Varias,45,03:06
2016-12-27,C649I,GRAN CANARIA AEROPUERTO,LAS PALMAS,24,"18,6","0,0","16,7",00:40,"20,4",12:00,11,"3,1","9,2",Varias,,"1020,6",Varias,"1017,4",16,54,74,00:26,48,14:14
2016-12-28,C649I,GRAN CANARIA AEROPUERTO,LAS PALMAS,24,"18,7","0,0","16,8",06:30,"20,6",12:40,99,"1,9","7,2",Varias,,"1019,8",Varias,"1016,3",16,57,71,00:38,44,20:44
2016-12-29,C649I,GRAN CANARIA AEROPUERTO,LAS PALMAS,24,"18,8","0,0","16,7",06:40,"21,0",13:50,13,"2,8","10,3",12:07,,"1020,9",Varias,"1017,9",05,53,71,02:34,43,16:15
2016-12-30,C649I,GRAN CANARIA AEROPUERTO,LAS PALMAS,24,"18,6","0,0","16,5",03:10,"20,7",13:00,99,"3,9","10,3",Varias,,"1022,3",Varias,"1018,6",19,51,67,03:08,43,12:57
2016-12-31,C649I,GRAN CANARIA AEROPUERTO,LAS PALMAS,24,"18,4","0,0","15,9",23:59,"20,8",12:50,15,"4,2","9,7",Varias,,"1020,3",Varias,"1016,7",18,56,68,08:43,47,21:22
2017-07-01,C649I,GRAN CANARIA AEROPUERTO,LAS PALMAS,24,"23,2","0,0","20,5",23:59,"26,0",12:10,99,"9,2","18,6",Varias,,"1014,7",00,"1012,3",18,55,70,22:27,46,13:13
2017-07-02,C649I,GRAN CANARIA AEROPUERTO,LAS PALMAS,24,"23,0","0,0","19,7",06:00,"26,2",13:50,02,"9,2","16,9",14:28,,"1013,8",Varias,"1011,1",16,59,74,05:18,50,16:07
2017-07-03,C649I,GRAN CANARIA AEROPUERTO,LAS PALMAS,24,"23,2","0,0","18,7",06:00,"27,6",15:40,99,"6,7","14,4",Varias,,"1013,5",00,"1011,2",17,62,78,06:50,34,23:56
2017-07-04,C649I,GRAN CANARIA AEROPUERTO,LAS PALMAS,24,"24,2","0,0","20,6",06:20,"27,9",14:00,99,"7,2","16,4",Varias,,"1013,5",Varias,"1011,3",18,53,75,22:18,32,00:12
2017-07-05,C649I,GRAN CANARIA AEROPUERTO,LAS PALMAS,24,"23,8","0,0","20,8",Varias,"26,7",13:10,35,"9,4","16,9",23:57,,"1013,3",Varias,"1011,5",18,58,74,03:00,47,11:38
2017-07-06,C649I,GRAN CANARIA AEROPUERTO,LAS PALMAS,24,"23,7","0,0","21,1",23:59,"26,3",15:00,02,"10,3","18,1",Varias,,"1014,9",23,"1011,2",04,62,78,06:30,46,14:50
2017-07-07,C649I,GRAN CANARIA AEROPUERTO,LAS PALMAS,24,"23,2","0,0","20,5",06:30,"25,8",14:40,02,"9,7","17,5",16:28,,"1015,7",Varias,"1013,0",02,66,79,23:46,47,14:40
2017-07-08,C649I,GRAN CANARIA AEROPUERTO,LAS PALMAS,24,"23,6","0,0","20,5",04:00,"26,8",13:30,02,"8,3","18,6",14:29,,"1016,1",Varias,"1014,5",Varias,62,79,00:29,50,13:22
2017-07-09,C649I,GRAN CANARIA AEROPUERTO,LAS PALMAS,24,"24,0",Ip,"21,4",Varias,"26,5",13:10,99,"8,6","18,1",Varias,,"1015,1",00,"1012,9",Varias,61,74,18:08,52,12:48
2017-07-10,C649I,GRAN CANARIA AEROPUERTO,LAS PALMAS,24,"23,0",Ip,"19,6",05:40,"26,5",15:30,35,"9,2","16,9",Varias,,"1013,0",00,"1009,7",18,61,88,05:23,46,14:44
2017-07-11,C649I,GRAN CANARIA AEROPUERTO,LAS PALMAS,24,"23,8","0,0","21,0",Varias,"26,7",15:10,02,"10,0","18,9",14:04,,"1012,3",Varias,"1009,7",05,58,77,01:29,46,15:45
2017-07-12,C649I,GRAN CANARIA AEROPUERTO,LAS PALMAS,24,"24,4","0,0","21,4",Varias,"27,3",13:00,02,"8,9","16,9",15:32,,"1013,1",Varias,"1010,7",04,61,75,23:56,50,13:16
2017-07-13,C649I,GRAN CANARIA AEROPUERTO,LAS PALMAS,24,"23,9","0,0","21,1",Varias,"26,7",14:00,02,"8,9","18,6",12:18,,"1012,9",00,"1009,9",18,66,79,21:56,57,12:58
2017-07-14,C649I,GRAN CANARIA AEROPUERTO,LAS PALMAS,24,"23,8","0,0","21,3",04:00,"26,4",13:20,01,"10,3","18,9",13:54,,"1011,3",00,"1008,1",17,70,81,03:22,50,21:52
2017-07-15,C649I,GRAN CANARIA AEROPUERTO,LAS PALMAS,24,"24,6","0,0","22,0",07:00,"27,2",13:50,99,"9,7","16,4",Varias,,"1009,4",Varias,"1007,4",16,73,85,07:02,60,00:05
2017-07-16,C649I,GRAN CANARIA AEROPUERTO,LAS PALMAS,24,"25,4","0,0","21,3",Varias,"29,4",14:50,02,"7,8","15,0",13:10,,"1009,9",Varias,"1007,6",18,68,85,04:09,54,14:51
2017-07-17,C649I,GRAN CANARIA AEROPUERTO,LAS PALMAS,24,"25,6","0,0","21,5",07:00,"29,6",14:20,02,"7,5","15,3",12:15,,"1009,6",Varias,"1007,5",16,67,82,00:48,48,14:10
2017-07-18,C649I,GRAN CANARIA AEROPUERTO,LAS PALMAS,24,"23,8","0,0","20,7",Varias,"27,0",13:40,01,"9,4","17,5",13:29,,"1011,7",Varias,"1007,6",05,69,82,06:25,58,13:37
2017-07-19,C649I,GRAN CANARIA AEROPUERTO,LAS PALMAS,24,"23,8","0,0","21,0",Varias,"26,7",13:30,02,"9,2","18,6",13:24,,"1013,7",23,"1009,8",03,66,78,Varias,56,12:29
2017-07-20,C649I,GRAN CANARIA AEROPUERTO,LAS PALMAS,24,"24,2","0,0","21,4",Varias,"26,9",14:40,02,"8,6","16,4",17:08,,"1014,4",Varias,"1011,9",18,68,86,10:57,54,14:16
2017-07-21,C649I,GRAN CANARIA AEROPUERTO,LAS PALMAS,24,"23,5","0,0","20,9",03:40,"26,1",13:30,01,"9,4","18,9",12:18,,"1013,3",11,"1011,0",04,62,78,00:26,47,11:56
2017-07-22,C649I,GRAN CANARIA AEROPUERTO,LAS PALMAS,24,"23,4","0,0","21,1",04:00,"25,8",14:00,02,"9,2","18,1",Varias,,"1013,4",Varias,"1010,5",04,63,75,22:12,46,13:52
2017-07-23,C649I,GRAN CANARIA AEROPUERTO,LAS PALMAS,24,"23,6","0,0","20,9",04:00,"26,4",14:00,99,"10,6","18,6",Varias,,"1014,3",Varias,"1011,3",04,64,76,06:42,52,13:44
2017-07-24,C649I,GRAN CANARIA AEROPUERTO,LAS PALMAS,24,"24,3","0,0","21,2",04:00,"27,4",14:30,36,"9,2","18,9",15:05,,"1013,7",00,"1010,2",18,63,79,22:54,53,13:53
2017-07-25,C649I,GRAN CANARIA AEROPUERTO,LAS PALMAS,24,"24,4","0,0","21,7",Varias,"27,1",15:40,01,"10,8","17,5",12:39,,"1011,8",00,"1008,1",18,69,81,05:30,58,15:41
2017-07-26,C649I,GRAN CANARIA AEROPUERTO,LAS PALMAS,24,"24,4","0,0","21,3",04:50,"27,4",14:10,02,"9,2","16,9",13:39,,"1009,6",00,"1007,1",17,69,82,23:14,58,13:01
2017-07-27,C649I,GRAN CANARIA AEROPUERTO,LAS PALMAS,24,"25,4","0,0","20,9",04:00,"29,9",14:00,03,"7,5","13,9",15:49,,"1009,6",Varias,"1006,4",04,70,84,02:30,35,23:49
2017-07-28,C649I,GRAN CANARIA AEROPUERTO,LAS PALMAS,24,"29,4","0,0","25,3",Varias,"33,6",15:50,99,"6,9","12,5",Varias,,"1011,2",Varias,"1007,4",04,44,69,Varias,22,01:19
2017-07-29,C649I,GRAN CANARIA AEROPUERTO,LAS PALMAS,24,"26,0","0,0","22,4",23:59,"29,6",14:50,01,"8,1","13,9",Varias,,"1012,1",Varias,"1009,4",03,62,84,23:59,20,01:12
2017-07-30,C649I,GRAN CANARIA AEROPUERTO,LAS PALMAS,24,"23,7","0,0","20,8",06:00,"26,6",13:30,02,"9,7","17,5",12:41,,"1011,6",00,"1009,4",05,71,87,Varias,59,13:28
2017-07-31,C649I,GRAN CANARIA AEROPUERTO,LAS PALMAS,24,"24,1","0,0","21,1",Varias,"27,1",15:50,01,"10,0","18,9",11:40,,"1011,5",Varias,"1008,9",04,62,75,22:30,51,14:39
2017-08-01,C649I,GRAN CANARIA AEROPUERTO,LAS PALMAS,24,"24,8","0,0","21,5",04:00,"28,0",13:40,02,"9,2","17,5",Varias,,"1013,5",Varias,"1009,7",05,63,78,03:42,50,19:11
